Workbook
Name Instrumento: '[1]R-LAB-127 DENSIDAD AIRE'!#REF!
Name Instrumento.: '[1]R-LAB-127 DENSIDAD AIRE'!#REF!
Name N: #REF!
Name Instrumento: '[1]R-LAB-127 DENSIDAD AIRE'!#REF!
Name Instrumento.: '[1]R-LAB-127 DENSIDAD AIRE'!#REF!
Name N: #REF!

Sheet INFORMACIÓN
A1: Datos del item | J1: En sitio ( instalaciones del cliente)
A2: Intrumento | B2: Marca | C2: Modelo | D2: Serie | E2: Ubicación | F2: Inventario | G2: Número de Certificado | H2: Fecha de Recepción | J2: Laboratorio BTMC
J3: BUEN ESTADO
J4: REGULAR ESTADO
J5: MAL ESTADO
A6: Datos de calibración | D6: Datos del cliente
A7: Lugar de calibración: | B7: En sitio ( instalaciones del cliente) | D7: Solicitante:
A8: Estado Físico: | B8: BUEN ESTADO | D8: Nit:
A9: Fecha de calibración: | B9: =H3 | D9: Telefono:
A10: Fecha de emisión: | B10: =H3 | D10: Dirección:
A11: Temperatura mínima: | B11: 24.1 | D11: Ciudad:
A12: Temperatura máxima: | B12: 24.5
A13: Humedad Mínima: | B13: 60
A14: Humedad Máxima: | B14: 63
A15: Calibración realiza por: | B15: ING. GABRIEL DURÁN

Sheet Redondeo
A1: DATO 1
A2: Dato | B2: Dato redondeado | C2: =FIXED(A3,6) | D2: =RIGHT(C2,1) | E2: =D2/1000000 | F2: =A3-E2 | H2: =IF(C7=5,IF(AND(D3=0,D8=FALSE),J5,J6),J6)
A3: =INCERTIDUMBRE!L5 | B3: =IF(A3>=10,K37,IF(A3>=1,K29,IF(A3>=0.1,K21,IF(A3>=0.01,K13,IF(A3>=0.001,K5))))) | C3: 6 decimal | D3: =D2+0
C4: Extrae el ultimo digito | D4: extrael primer digito | E4: parte entera | F4: Parte decimal | G4: cantidad de decimales | H4: decimales en enteros | I4: restar ultimo numero | J4: Elimar ultimo digito | K4: Dato Final
C5: =RIGHT(F2,2) | D5: =LEFT(C5,1) | E5: =TRUNC(A3) | F5: =FIXED(A3-E5,G5) | G5: =ABS(E8-F8) | H5: =RIGHT(A3,G5) | I5: 5e-05 | J5: =(A3-I5) | K5: =IF(C7=5,IF(AND(D3=0,D8=FALSE),J5,J6),J6)
C6: =RIGHT(C5,1) | D6: =D5+0 | J6: =FIXED(A3,4)
C7: =C6+0 | D7: es impar? | E7: Largo dato original | F7: largo parte enetero y decimal
D8: =ISODD(D5) | E8: =LEN(A3) | F8: =LEN(E5)+1
A10: 4 Decimales
A11: =K5 | C11: =FIXED(A3,5) | D11: =RIGHT(C11,1) | E11: =D11+0
C12: Extrae el ultimo digito | D12: extrael primer digito | E12: parte entera | F12: Parte decimal | G12: cantidad de decimales | H12: decimales en enteros | I12: restar ultimo numero | J12: Elimar ultimo digito | K12: Dato Final
C13: =RIGHT(A11,2) | D13: =LEFT(C13,1) | E13: =TRUNC(A11) | F13: =FIXED(A11-E13,G13) | G13: =ABS(E16-F16) | H13: =RIGHT(A11,G13) | I13: 0.0005 | J13: =(A11-I13) | K13: =IF(C15=5,IF(AND(E11=0,D16=FALSE),J13,J14),J14)
C14: =RIGHT(C13,1) | D14: =D13+0 | J14: =FIXED(A11,3)
C15: =C14+0 | D15: es impar? | E15: Largo dato original | F15: largo parte enetero y decimal
D16: =ISODD(D13) | E16: =LEN(A11) | F16: =LEN(E13)+1
A18: 3 Decimales
A19: =K13 | C19: =FIXED(A11,4) | D19: =RIGHT(C19,1) | E19: =D19+0
C20: Extrae el ultimo digito | D20: extrael primer digito | E20: parte entera | F20: Parte decimal | G20: cantidad de decimales | H20: decimales en enteros | I20: restar ultimo numero | J20: Elimar ultimo digito | K20: Dato Final
C21: =RIGHT(A19,2) | D21: =LEFT(C21,1) | E21: =TRUNC(A19) | F21: =FIXED(A19-E21,G21) | G21: =ABS(E24-F24) | H21: =RIGHT(A19,G21) | I21: 0.005 | J21: =(A19-I21) | K21: =IF(C23=5,IF(AND(E19=0,D24=FALSE),J21,J22),J22)
C22: =RIGHT(C21,1) | D22: =D21+0 | J22: =FIXED(A19,2)
C23: =C22+0 | D23: es impar? | E23: Largo dato original | F23: largo parte enetero y decimal
D24: =ISODD(D21) | E24: =LEN(A19) | F24: =LEN(E21)+1
A26: 2 Decimales
A27: =K21 | C27: =FIXED(A19,3) | D27: =RIGHT(C27,1) | E27: =D27+0
C28: Extrae el ultimo digito | D28: extrael primer digito | E28: parte entera | F28: Parte decimal | G28: cantidad de decimales | H28: decimales en enteros | I28: restar ultimo numero | J28: Elimar ultimo digito | K28: Dato Final
C29: =RIGHT(A27,2) | D29: =LEFT(C29,1) | E29: =TRUNC(A27) | F29: =FIXED(A27-E29,G29) | G29: =ABS(E32-F32) | H29: =RIGHT(A27,G29) | I29: 0.05 | J29: =(A27-I29) | K29: =IF(C31=5,IF(AND(E27=0,D32=FALSE),J29,J30),J30)
C30: =RIGHT(C29,1) | D30: =D29+0 | J30: =FIXED(A27,1)
C31: =C30+0 | D31: es impar? | E31: Largo dato original | F31: largo parte enetero y decimal
D32: =ISODD(D29) | E32: =LEN(A27) | F32: =LEN(E29)+1
A34: 1 Decimales
A35: =K29 | C35: =FIXED(A27,2) | D35: =RIGHT(C35,1) | E35: =D35+0
C36: Extrae el ultimo digito | D36: extrael primer digito | E36: parte entera | F36: Parte decimal | G36: cantidad de decimales | H36: decimales en enteros | I36: restar ultimo numero | J36: Elimar ultimo digito | K36: Dato Final
C37: =RIGHT(A35,2) | D37: =RIGHT(E37,1) | E37: =TRUNC(A35) | F37: =FIXED(A35-E37,G37) | G37: =ABS(E40-F40) | H37: =RIGHT(A35,G37) | I37: 0.5 | J37: =(A35-I37) | K37: =IF(C39=5,IF(AND(E35=0,D40=FALSE),J37,J38),J38)
C38: =RIGHT(C37,1) | D38: =D37+0 | J38: =FIXED(A35,0)
C39: =C38+0 | D39: es impar? | E39: Largo dato original | F39: largo parte enetero y decimal
D40: =ISODD(D37) | E40: =LEN(A35) | F40: =LEN(E37)+1
A41: DATO 2
A42: Dato | B42: Dato redondeado | C42: =FIXED(A43,6) | D42: =RIGHT(C42,1) | E42: =D42/1000000 | F42: =A43-E42 | H42: =IF(C47=5,IF(AND(D43=0,D48=FALSE),J45,J46),J46)
A43: =INCERTIDUMBRE!#REF! | B43: =IF(A43>=10,K77,IF(A43>=1,K69,IF(A43>=0.1,K61,IF(A43>=0.01,K53,IF(A43>=0.001,K45))))) | C43: 6 decimal | D43: =D42+0
C44: Extrae el ultimo digito | D44: extrael primer digito | E44: parte entera | F44: Parte decimal | G44: cantidad de decimales | H44: decimales en enteros | I44: restar ultimo numero | J44: Elimar ultimo digito | K44: Dato Final
C45: =RIGHT(F42,2) | D45: =LEFT(C45,1) | E45: =TRUNC(A43) | F45: =FIXED(A43-E45,G45) | G45: =ABS(E48-F48) | H45: =RIGHT(A43,G45) | I45: 5e-05 | J45: =(A43-I45) | K45: =IF(C47=5,IF(AND(D43=0,D48=FALSE),J45,J46),J46)
C46: =RIGHT(C45,1) | D46: =D45+0 | J46: =FIXED(A43,4)
C47: =C46+0 | D47: es impar? | E47: Largo dato original | F47: largo parte enetero y decimal
D48: =ISODD(D45) | E48: =LEN(A43) | F48: =LEN(E45)+1
A50: 4 Decimales
A51: =K45 | C51: =FIXED(A43,5) | D51: =RIGHT(C51,1) | E51: =D51+0
C52: Extrae el ultimo digito | D52: extrael primer digito | E52: parte entera | F52: Parte decimal | G52: cantidad de decimales | H52: decimales en enteros | I52: restar ultimo numero | J52: Elimar ultimo digito | K52: Dato Final
C53: =RIGHT(A51,2) | D53: =LEFT(C53,1) | E53: =TRUNC(A51) | F53: =FIXED(A51-E53,G53) | G53: =ABS(E56-F56) | H53: =RIGHT(A51,G53) | I53: 0.0005 | J53: =(A51-I53) | K53: =IF(C55=5,IF(AND(E51=0,D56=FALSE),J53,J54),J54)
C54: =RIGHT(C53,1) | D54: =D53+0 | J54: =FIXED(A51,3)
C55: =C54+0 | D55: es impar? | E55: Largo dato original | F55: largo parte enetero y decimal
D56: =ISODD(D53) | E56: =LEN(A51) | F56: =LEN(E53)+1
A58: 3 Decimales
A59: =K53 | C59: =FIXED(A51,4) | D59: =RIGHT(C59,1) | E59: =D59+0
C60: Extrae el ultimo digito | D60: extrael primer digito | E60: parte entera | F60: Parte decimal | G60: cantidad de decimales | H60: decimales en enteros | I60: restar ultimo numero | J60: Elimar ultimo digito | K60: Dato Final
C61: =RIGHT(A59,2) | D61: =LEFT(C61,1) | E61: =TRUNC(A59) | F61: =FIXED(A59-E61,G61) | G61: =ABS(E64-F64) | H61: =RIGHT(A59,G61) | I61: 0.005 | J61: =(A59-I61) | K61: =IF(C63=5,IF(AND(E59=0,D64=FALSE),J61,J62),J62)
C62: =RIGHT(C61,1) | D62: =D61+0 | J62: =FIXED(A59,2)
C63: =C62+0 | D63: es impar? | E63: Largo dato original | F63: largo parte enetero y decimal
D64: =ISODD(D61) | E64: =LEN(A59) | F64: =LEN(E61)+1
A66: 2 Decimales
A67: =K61 | C67: =FIXED(A59,3) | D67: =RIGHT(C67,1) | E67: =D67+0
C68: Extrae el ultimo digito | D68: extrael primer digito | E68: parte entera | F68: Parte decimal | G68: cantidad de decimales | H68: decimales en enteros | I68: restar ultimo numero | J68: Elimar ultimo digito | K68: Dato Final
C69: =RIGHT(A67,2) | D69: =LEFT(C69,1) | E69: =TRUNC(A67) | F69: =FIXED(A67-E69,G69) | G69: =ABS(E72-F72) | H69: =RIGHT(A67,G69) | I69: 0.05 | J69: =(A67-I69) | K69: =IF(C71=5,IF(AND(E67=0,D72=FALSE),J69,J70),J70)
C70: =RIGHT(C69,1) | D70: =D69+0 | J70: =FIXED(A67,1)
C71: =C70+0 | D71: es impar? | E71: Largo dato original | F71: largo parte enetero y decimal
D72: =ISODD(D69) | E72: =LEN(A67) | F72: =LEN(E69)+1
A74: 1 Decimales
A75: =K69 | C75: =FIXED(A67,2) | D75: =RIGHT(C75,1) | E75: =D75+0
C76: Extrae el ultimo digito | D76: extrael primer digito | E76: parte entera | F76: Parte decimal | G76: cantidad de decimales | H76: decimales en enteros | I76: restar ultimo numero | J76: Elimar ultimo digito | K76: Dato Final
C77: =RIGHT(A75,2) | D77: =RIGHT(E77,1) | E77: =TRUNC(A75) | F77: =FIXED(A75-E77,G77) | G77: =ABS(E80-F80) | H77: =RIGHT(A75,G77) | I77: 0.5 | J77: =(A75-I77) | K77: =IF(C79=5,IF(AND(E75=0,D80=FALSE),J77,J78),J78)
C78: =RIGHT(C77,1) | D78: =D77+0 | J78: =FIXED(A75,0)
C79: =C78+0 | D79: es impar? | E79: Largo dato original | F79: largo parte enetero y decimal
D80: =ISODD(D77) | E80: =LEN(A75) | F80: =LEN(E77)+1
A81: DATO 3
A82: Dato | B82: Dato redondeado | C82: =FIXED(A83,6) | D82: =RIGHT(C82,1) | E82: =D82/1000000 | F82: =A83-E82 | H82: =IF(C87=5,IF(AND(D83=0,D88=FALSE),J85,J86),J86)
A83: =INCERTIDUMBRE!L6 | B83: =IF(A83>=10,K117,IF(A83>=1,K109,IF(A83>=0.1,K101,IF(A83>=0.01,K93,IF(A83>=0.001,K85))))) | C83: 6 decimal | D83: =D82+0
C84: Extrae el ultimo digito | D84: extrael primer digito | E84: parte entera | F84: Parte decimal | G84: cantidad de decimales | H84: decimales en enteros | I84: restar ultimo numero | J84: Elimar ultimo digito | K84: Dato Final
C85: =RIGHT(F82,2) | D85: =LEFT(C85,1) | E85: =TRUNC(A83) | F85: =FIXED(A83-E85,G85) | G85: =ABS(E88-F88) | H85: =RIGHT(A83,G85) | I85: 5e-05 | J85: =(A83-I85) | K85: =IF(C87=5,IF(AND(D83=0,D88=FALSE),J85,J86),J86)
C86: =RIGHT(C85,1) | D86: =D85+0 | J86: =FIXED(A83,4)
C87: =C86+0 | D87: es impar? | E87: Largo dato original | F87: largo parte enetero y decimal
D88: =ISODD(D85) | E88: =LEN(A83) | F88: =LEN(E85)+1
A90: 4 Decimales
A91: =K85 | C91: =FIXED(A83,5) | D91: =RIGHT(C91,1) | E91: =D91+0
C92: Extrae el ultimo digito | D92: extrael primer digito | E92: parte entera | F92: Parte decimal | G92: cantidad de decimales | H92: decimales en enteros | I92: restar ultimo numero | J92: Elimar ultimo digito | K92: Dato Final
C93: =RIGHT(A91,2) | D93: =LEFT(C93,1) | E93: =TRUNC(A91) | F93: =FIXED(A91-E93,G93) | G93: =ABS(E96-F96) | H93: =RIGHT(A91,G93) | I93: 0.0005 | J93: =(A91-I93) | K93: =IF(C95=5,IF(AND(E91=0,D96=FALSE),J93,J94),J94)
C94: =RIGHT(C93,1) | D94: =D93+0 | J94: =FIXED(A91,3)
C95: =C94+0 | D95: es impar? | E95: Largo dato original | F95: largo parte enetero y decimal
D96: =ISODD(D93) | E96: =LEN(A91) | F96: =LEN(E93)+1
A98: 3 Decimales
A99: =K93 | C99: =FIXED(A91,4) | D99: =RIGHT(C99,1) | E99: =D99+0
C100: Extrae el ultimo digito | D100: extrael primer digito | E100: parte entera | F100: Parte decimal | G100: cantidad de decimales | H100: decimales en enteros | I100: restar ultimo numero | J100: Elimar ultimo digito | K100: Dato Final
C101: =RIGHT(A99,2) | D101: =LEFT(C101,1) | E101: =TRUNC(A99) | F101: =FIXED(A99-E101,G101) | G101: =ABS(E104-F104) | H101: =RIGHT(A99,G101) | I101: 0.005 | J101: =(A99-I101) | K101: =IF(C103=5,IF(AND(E99=0,D104=FALSE),J101,J102),J102)
C102: =RIGHT(C101,1) | D102: =D101+0 | J102: =FIXED(A99,2)
C103: =C102+0 | D103: es impar? | E103: Largo dato original | F103: largo parte enetero y decimal
D104: =ISODD(D101) | E104: =LEN(A99) | F104: =LEN(E101)+1
A106: 2 Decimales
A107: =K101 | C107: =FIXED(A99,3) | D107: =RIGHT(C107,1) | E107: =D107+0
C108: Extrae el ultimo digito | D108: extrael primer digito | E108: parte entera | F108: Parte decimal | G108: cantidad de decimales | H108: decimales en enteros | I108: restar ultimo numero | J108: Elimar ultimo digito | K108: Dato Final
C109: =RIGHT(A107,2) | D109: =LEFT(C109,1) | E109: =TRUNC(A107) | F109: =FIXED(A107-E109,G109) | G109: =ABS(E112-F112) | H109: =RIGHT(A107,G109) | I109: 0.05 | J109: =(A107-I109) | K109: =IF(C111=5,IF(AND(E107=0,D112=FALSE),J109,J110),J110)
C110: =RIGHT(C109,1) | D110: =D109+0 | J110: =FIXED(A107,1)
C111: =C110+0 | D111: es impar? | E111: Largo dato original | F111: largo parte enetero y decimal
...

Sheet MEDIDA
B3: Volumen
B4: Equipo bajo prueba (mL) | D4: Medidas del equipo patrón
D5: Lectura 1 (mL) | F5: Lectura 2 (mL) | H5: Lectura 3 (mL) | J5: Lectura 4(mL) | L5: Promedio (mL) | N5: Error (mL)
B6: 1 | D6: 0.998 | F6: =D6+((RAND()*(0.05)+0.008)*(RANDBETWEEN(-1,1))) | H6: =D6+((RAND()*(0.05)+0.008)*(RANDBETWEEN(-1,1))) | J6: =D6+((RAND()*(0.05)+0.008)*(RANDBETWEEN(-1,1))) | L6: =AVERAGE(D6:K6) | N6: =B6-L6
B7: 2 | D7: 1.998 | F7: =D7+((RAND()*(0.05)+0.008)*(RANDBETWEEN(-1,1))) | H7: =D7+((RAND()*(0.05)+0.008)*(RANDBETWEEN(-1,1))) | J7: =D7+((RAND()*(0.05)+0.008)*(RANDBETWEEN(-1,1))) | L7: =AVERAGE(D7:K7) | N7: =B7-L7
B8: 5 | D8: 4.895 | F8: =D8+((RAND()*(0.05)+0.008)*(RANDBETWEEN(-1,1))) | H8: =D8+((RAND()*(0.05)+0.008)*(RANDBETWEEN(-1,1))) | J8: =D8+((RAND()*(0.05)+0.008)*(RANDBETWEEN(-1,1))) | L8: =AVERAGE(D8:K8) | N8: =B8-L8

Sheet PATRON
C2: Volumen
C3: Nominal | D3: Medido | E3: Corrección | F3: k | G3: Correcion estimada | H3: Residuales | I3: N-M-1 | J3: u interpolación
C4: 99.6 | D4: 106.2 | E4: =C4-D4 | F4: 2 | G4: =J$13*D4-J$14 | H4: =E4-G4 | I4: =2-2-1 | J4: 0
C5: 1000 | D5: 1042 | E5: =C5-D5 | F5: 2 | G5: =J$13*D5-J$14 | H5: =E5-G5
J13: -0.037828596
J14: 2.5826031
B34: EQUIPO PATRÓN
B35: Equipo patrón: | G35: Báscula Analítica
B36: Marca: | G36: TSI
B37: Modelo: | G37: 4070
B38: Serie: | G38: N8201011-071
B39: Fecha de Calibración: | G39: 44997
B40: No. Certificado: | G40: CC259833
B41: Incertidumbre : | G41: 0.027
B42: Deriva : | G42: 0.2
B43: Resolución: | G43: 0.0001
B44: Factor de cobertura K: | G44: 2

Sheet INCERTIDUMBRE
B2: FUENTES DE INCERTIDUMBRE VOLUMEN
B3: Punto de calibración | C3: Cert de calibración | D3: Deriva | E3: Interpolación | F3: Resolución item | G3: Resolución patrón | H3: Repetibilidad | I3: Incertidumbre combinada | J3: Veff | K3: Factor de cobertura (k) | L3: Incertidumbre Expandida
B4: =MEDIDA!B6 | C4: =PATRON!G$41/2 | D4: =PATRON!G$42/SQRT(3) | E4: 0 | F4: =1/SQRT(12) | G4: =PATRON!G$43/SQRT(12) | H4: =STDEVA(MEDIDA!D6:K6)/SQRT(4) | I4: =SQRT(SUMSQ(C4:H4)) | J4: =I4^4/(C4^4/200+D4^4/200+E4^4/200+F4^4/200+G4^4/200+H4^4/3) | K4: =TINV(0.0455,J4) | L4: 0.01
B5: =MEDIDA!B7 | C5: =PATRON!G$41/2 | D5: =PATRON!G$42/SQRT(3) | E5: 0 | F5: =1/SQRT(12) | G5: =PATRON!G$43/SQRT(12) | H5: =STDEVA(MEDIDA!D7:K7)/SQRT(4) | I5: =SQRT(SUMSQ(C5:H5)) | J5: =I5^4/(C5^4/200+D5^4/200+E5^4/200+F5^4/200+G5^4/200+H5^4/3) | K5: =TINV(0.0455,J5) | L5: 0.01
B6: =MEDIDA!B8 | C6: =PATRON!G$41/2 | D6: =PATRON!G$42/SQRT(3) | E6: 0 | F6: =1/SQRT(12) | G6: =PATRON!G$43/SQRT(12) | H6: =STDEVA(MEDIDA!D8:K8)/SQRT(4) | I6: =SQRT(SUMSQ(C6:H6)) | J6: =I6^4/(C6^4/200+D6^4/200+E6^4/200+F6^4/200+G6^4/200+H6^4/3) | K6: =TINV(0.0455,J6) | L6: 0.01
B7: =MEDIDA!#REF! | C7: =PATRON!G$41/2 | D7: =PATRON!G$42/SQRT(3) | E7: 0 | F7: =1/SQRT(12) | G7: =PATRON!G$43/SQRT(12) | H7: =STDEVA(MEDIDA!#REF!)/SQRT(4) | I7: =SQRT(SUMSQ(C7:H7)) | J7: =I7^4/(C7^4/200+D7^4/200+E7^4/200+F7^4/200+G7^4/200+H7^4/3) | K7: =TINV(0.0455,J7) | L7: =I7*K7
B8: =MEDIDA!#REF! | C8: =PATRON!G$41/2 | D8: =PATRON!G$42/SQRT(3) | E8: 0 | F8: =1/SQRT(12) | G8: =PATRON!G$43/SQRT(12) | H8: =STDEVA(MEDIDA!#REF!)/SQRT(4) | I8: =SQRT(SUMSQ(C8:H8)) | J8: =I8^4/(C8^4/200+D8^4/200+E8^4/200+F8^4/200+G8^4/200+H8^4/3) | K8: =TINV(0.0455,J8) | L8: =I8*K8

Sheet CERTIFICADO 
O1: CERTIFICADO N°: | R1: =INFORMACIÓN!G3
C3: 1. EQUIPO BAJO PRUEBA
C5: INSTRUMENTO: | I5: =INFORMACIÓN!A3
C6: MARCA: | I6: =INFORMACIÓN!B3
C7: MODELO: | I7: =INFORMACIÓN!C3
C8: SERIE: | I8: =INFORMACIÓN!D3
C9: CÓDIGO INTERNO: | I9: =INFORMACIÓN!F3
C10: UBICACIÓN: | I10: =INFORMACIÓN!E3
C11: ESTADO FÍSICO: | I11: =INFORMACIÓN!B8
C12: FECHA DE RECEPCIÓN: | I12: =INFORMACIÓN!H3
C13: FECHA DE CALIBRACIÓN: | I13: =INFORMACIÓN!B9
C15: 2. DATOS DEL CLIENTE
C17: NOMBRE: | I17: =INFORMACIÓN!E7
C18: NIT: | I18: =INFORMACIÓN!E8
C19: TELÉFONO: | I19: =INFORMACIÓN!E9
C20: DIRECCIÓN: | I20: =INFORMACIÓN!E10
C21: CIUDAD: | I21: =INFORMACIÓN!E11
C23: Este certificado expresa fielmente el resultado de las mediciones realizadas; no podrá ser reproducido total o parcialmente excepto cuando se haya obtenido permiso por escrito de BTM COLOMBIA ZOMAC S.A.S y se debe reproducir en su totalidad, para proporcionar seguridad de que el certificado no sea sacado de contexto. Los resultados que se encuentran en este certificado se refieren al momento y condiciones en que se realizaron las mediciones, BTM COLOMBIA ZOMAC S.A.S no se responsabiliza de los daños que puedan ser causados por el uso inadecuado de los equipos calibrados. El usuario es responsable de la calibración de sus instrumentos a intervalos apropiados. El laboratorio no se hace responsable por cómo la información suministrada por el cliente afecte los resultados de medición.
C31: REVISÓ Y AUTORIZÓ: | I31: CALIBRADO POR: | M31: =INFORMACIÓN!B15
I32: FECHA DE EMISIÓN: | M32: =INFORMACIÓN!B10
I33: NÚMERO DE PÁGINAS: | M33: 3
C36: ING. JOHAN SEBASTIÁN PÉREZ
C37: DIRECTOR DE LABORATORIO
O38: =O1 | R38: =R1
B40: 3. CONDICIONES AMBIENTALES
B41: El laboratorio de metrología BTM COLOMBIA ZOMAC S.A.S registra las condiciones ambientales (Humedad y Temperatura) tomando los máximos y mínimos alcanzados durante el tiempo en que se ejecuta la calibración. A continuación se presenta el promedio y la variación resultante.
F45: TEMPERATURA AMBIENTE (°C) | K45: HUMEDAD RELATIVA (%HR)
F46: =AVERAGE(INFORMACIÓN!B11:B12) | H46: ± | I46: =ABS(INFORMACIÓN!B11-INFORMACIÓN!B12) | K46: =AVERAGE(INFORMACIÓN!B13:B14) | M46: ± | N46: =ABS(INFORMACIÓN!B13-INFORMACIÓN!B14)
F48: La calibración fue realizada en: | K48: En sitio (instalaciones del cliente)
B50: 4. INCERTIDUMBRE DE MEDICIÓN
B51: La incertidumbre expandida de la medición reportada se establece como la incertidumbre estándar de medición multiplicada por el factor de cobertura “k” y la probabilidad de cobertura, la cual debe ser aproximada al 95% y no menor a este valor. La incertidumbre de medición ha sido estimada con un nivel de confianza del 95,45% empleando una distribución t de student. Cuando se hace declaración de cumplimiento, el laboratorio hace referencia a las especificaciones del fabricante, norma o requisitos declarados por el cliente. La regla de decisión aplicada en estos casos será |Error| +U ≤ EMP según la ASME B89 7.3.1, si cumple la anterior condición la medición se toma como conforme y registrará un pasa, en caso contrario se registrará falla. La probabilidad de dar una aceptación falsa o un rechazo falso no lo determina el laboratorio, sin embargo se puede calcular de acuerdo a la guía JCGM 106:2012 según su numeral 8.
B60: 5. PROCEDIMIENTO DE CALIBRACIÓN
B61: La calibración se ejecutó mediante el método de comparación directa con patrón de referencia de acuerdo con el procedimiento interno para micropipetas BTM-P-042.
B64: 6. TRAZABILIDAD
B65: El laboratorio BTM COLOMBIA ZOMAC S.A.S establece la trazabilidad metrológica de sus mediciones al sistema internacional de unidades (SI), por medio de una cadena documentada de calibraciones, las cuales se encuentran referenciadas a patrones de medidas primarios. Esta vinculación se logra a través del uso de patrones calibrados por institutos nacionales de metrología (INM) y por laboratorios acreditados por parte de un organismo de acreditación.
B70: PATRÓN | H70: SERIE | M70: CALIBRACIÓN | P70: CERTIFICADO
B71: Báscula Analítica | H71: N8201011-071 | M71: 46059 | P71: 316261
O76: =O1 | R76: =R1
B78: 7. RESULTADOS DE LA CALIBRACIÓN
B80: Calibración de volumen | I80: Intervalo de medición(mL): | N80: 1 a 5 | P80: Resolución(mL): | S80: 1
B82: Equipo bajo prueba (mL) | D82: Medidas del equipo patrón | L82: *mL= Mililitros
D83: Lectura 1(mL) | F83: Lectura 2(mL) | H83: Lectura 3 (mL) | J83: Lectura 4(mL) | L83: Promedio(mL) | N83: Error (mL) | P83: Incertidumbre Expandida ± | S83: k
B84: =MEDIDA!B6 | D84: =MEDIDA!D6 | F84: =MEDIDA!F6 | H84: =MEDIDA!H6 | J84: =MEDIDA!J6 | L84: =MEDIDA!L6 | N84: =MEDIDA!N6 | P84: 0.01 | S84: =INCERTIDUMBRE!K4
B85: =MEDIDA!B7 | D85: =MEDIDA!D7 | F85: =MEDIDA!F7 | H85: =MEDIDA!H7 | J85: =MEDIDA!J7 | L85: =MEDIDA!L7 | N85: =MEDIDA!N7 | P85: 0.01 | S85: =INCERTIDUMBRE!K5
B86: =MEDIDA!B8 | D86: =MEDIDA!D8 | F86: =MEDIDA!F8 | H86: =MEDIDA!H8 | J86: =MEDIDA!J8 | L86: =MEDIDA!L8 | N86: =MEDIDA!N8 | P86: 0.01 | S86: =INCERTIDUMBRE!K6
B100: 8. INFORMACIÓN ADICIONAL
B102: Declaración de cumplimiento según: | I102: N/A
B103: Datos Suministrados por el cliente: | I103: N/A
B104: Comentarios: | I104: N/A
B105: Factor de conversión: | I105: N/A
B108: *** FIN DEL CERTIFICADO ***
