Workbook
Name Instrumento: '[1]R-LAB-127 DENSIDAD AIRE'!#REF!
Name Instrumento: '[1]R-LAB-127 DENSIDAD AIRE'!#REF!
Name Instrumento.: '[1]R-LAB-127 DENSIDAD AIRE'!#REF!
Name Instrumento.: '[1]R-LAB-127 DENSIDAD AIRE'!#REF!
Name N: #REF!
Name N: #REF!

Sheet INFORMACIÓN
A1: Datos del item | O1: En sitio ( instalaciones del cliente)
A2: Intrumento | B2: Marca | C2: Modelo | D2: Serie | E2: Ubicación | F2: Inventario | G2: Número de Certificado | H2: Fecha de Recepción | O2: Laboratorio BTMC
O4: BUEN ESTADO
O5: REGULAR ESTADO
A6: Datos de calibración | D6: Datos del cliente | O6: MAL ESTADO
A7: Lugar de calibración: | B7: En sitio ( instalaciones del cliente) | D7: Solicitante:
A8: Estado Físico: | B8: BUEN ESTADO | D8: Nit:
A9: Fecha de calibración: | B9: =H3 -> 0 | D9: Telefono:
A10: Fecha de emisión: | B10: =H3 -> 0 | D10: Dirección:
A11: Temperatura mínima: | B11: 24.1 | D11: Ciudad:
A12: Temperatura máxima: | B12: 24.5
A13: Humedad Mínima: | B13: 60
A14: Humedad Máxima: | B14: 63
A15: Calibración realiza por: | B15: ING. GABRIEL DURÁN

Sheet Redondeo
A1: DATO 1
A2: Dato | B2: Dato redondeado | C2: =FIXED(A3,6) -> #REF! | D2: =RIGHT(C2,1) -> #REF! | E2: =D2/1000000 -> #REF! | F2: =A3-E2 -> #REF! | H2: =IF(C7=5,IF(AND(D3=0,D8=FALSE),J5,J6),J6) -> #REF!
A3: =INCERTIDUMBRE!L5 -> #REF! | B3: =IF(A3>=10,K37,IF(A3>=1,K29,IF(A3>=0.1,K21,IF(A3>=0.01,K13,IF(A3>=0.001,K5))))) -> #REF! | C3: 6 decimal | D3: =D2+0 -> #REF!
C4: Extrae el ultimo digito | D4: extrael primer digito | E4: parte entera | F4: Parte decimal | G4: cantidad de decimales | H4: decimales en enteros | I4: restar ultimo numero | J4: Elimar ultimo digito | K4: Dato Final
C5: =RIGHT(F2,2) -> #REF! | D5: =LEFT(C5,1) -> #REF! | E5: =TRUNC(A3) -> #REF! | F5: =FIXED(A3-E5,G5) -> #REF! | G5: =ABS(E8-F8) -> #REF! | H5: =RIGHT(A3,G5) -> #REF! | I5: 5e-05 | J5: =(A3-I5) -> #REF! | K5: =IF(C7=5,IF(AND(D3=0,D8=FALSE),J5,J6),J6) -> #REF!
C6: =RIGHT(C5,1) -> #REF! | D6: =D5+0 -> #REF! | J6: =FIXED(A3,4) -> #REF!
C7: =C6+0 -> #REF! | D7: es impar? | E7: Largo dato original | F7: largo parte enetero y decimal
D8: =ISODD(D5) -> #REF! | E8: =LEN(A3) -> #REF! | F8: =LEN(E5)+1 -> #REF!
A10: 4 Decimales
A11: =K5 -> #REF! | C11: =FIXED(A3,5) -> #REF! | D11: =RIGHT(C11,1) -> #REF! | E11: =D11+0 -> #REF!
C12: Extrae el ultimo digito | D12: extrael primer digito | E12: parte entera | F12: Parte decimal | G12: cantidad de decimales | H12: decimales en enteros | I12: restar ultimo numero | J12: Elimar ultimo digito | K12: Dato Final
C13: =RIGHT(A11,2) -> #REF! | D13: =LEFT(C13,1) -> #REF! | E13: =TRUNC(A11) -> #REF! | F13: =FIXED(A11-E13,G13) -> #REF! | G13: =ABS(E16-F16) -> #REF! | H13: =RIGHT(A11,G13) -> #REF! | I13: 0.0005 | J13: =(A11-I13) -> #REF! | K13: =IF(C15=5,IF(AND(E11=0,D16=FALSE),J13,J14),J14) -> #REF!
C14: =RIGHT(C13,1) -> #REF! | D14: =D13+0 -> #REF! | J14: =FIXED(A11,3) -> #REF!
C15: =C14+0 -> #REF! | D15: es impar? | E15: Largo dato original | F15: largo parte enetero y decimal
D16: =ISODD(D13) -> #REF! | E16: =LEN(A11) -> #REF! | F16: =LEN(E13)+1 -> #REF!
A18: 3 Decimales
A19: =K13 -> #REF! | C19: =FIXED(A11,4) -> #REF! | D19: =RIGHT(C19,1) -> #REF! | E19: =D19+0 -> #REF!
C20: Extrae el ultimo digito | D20: extrael primer digito | E20: parte entera | F20: Parte decimal | G20: cantidad de decimales | H20: decimales en enteros | I20: restar ultimo numero | J20: Elimar ultimo digito | K20: Dato Final
C21: =RIGHT(A19,2) -> #REF! | D21: =LEFT(C21,1) -> #REF! | E21: =TRUNC(A19) -> #REF! | F21: =FIXED(A19-E21,G21) -> #REF! | G21: =ABS(E24-F24) -> #REF! | H21: =RIGHT(A19,G21) -> #REF! | I21: 0.005 | J21: =(A19-I21) -> #REF! | K21: =IF(C23=5,IF(AND(E19=0,D24=FALSE),J21,J22),J22) -> #REF!
C22: =RIGHT(C21,1) -> #REF! | D22: =D21+0 -> #REF! | J22: =FIXED(A19,2) -> #REF!
C23: =C22+0 -> #REF! | D23: es impar? | E23: Largo dato original | F23: largo parte enetero y decimal
D24: =ISODD(D21) -> #REF! | E24: =LEN(A19) -> #REF! | F24: =LEN(E21)+1 -> #REF!
A26: 2 Decimales
A27: =K21 -> #REF! | C27: =FIXED(A19,3) -> #REF! | D27: =RIGHT(C27,1) -> #REF! | E27: =D27+0 -> #REF!
C28: Extrae el ultimo digito | D28: extrael primer digito | E28: parte entera | F28: Parte decimal | G28: cantidad de decimales | H28: decimales en enteros | I28: restar ultimo numero | J28: Elimar ultimo digito | K28: Dato Final
C29: =RIGHT(A27,2) -> #REF! | D29: =LEFT(C29,1) -> #REF! | E29: =TRUNC(A27) -> #REF! | F29: =FIXED(A27-E29,G29) -> #REF! | G29: =ABS(E32-F32) -> #REF! | H29: =RIGHT(A27,G29) -> #REF! | I29: 0.05 | J29: =(A27-I29) -> #REF! | K29: =IF(C31=5,IF(AND(E27=0,D32=FALSE),J29,J30),J30) -> #REF!
C30: =RIGHT(C29,1) -> #REF! | D30: =D29+0 -> #REF! | J30: =FIXED(A27,1) -> #REF!
C31: =C30+0 -> #REF! | D31: es impar? | E31: Largo dato original | F31: largo parte enetero y decimal
D32: =ISODD(D29) -> #REF! | E32: =LEN(A27) -> #REF! | F32: =LEN(E29)+1 -> #REF!
A34: 1 Decimales
A35: =K29 -> #REF! | C35: =FIXED(A27,2) -> #REF! | D35: =RIGHT(C35,1) -> #REF! | E35: =D35+0 -> #REF!
C36: Extrae el ultimo digito | D36: extrael primer digito | E36: parte entera | F36: Parte decimal | G36: cantidad de decimales | H36: decimales en enteros | I36: restar ultimo numero | J36: Elimar ultimo digito | K36: Dato Final
C37: =RIGHT(A35,2) -> #REF! | D37: =RIGHT(E37,1) -> #REF! | E37: =TRUNC(A35) -> #REF! | F37: =FIXED(A35-E37,G37) -> #REF! | G37: =ABS(E40-F40) -> #REF! | H37: =RIGHT(A35,G37) -> #REF! | I37: 0.5 | J37: =(A35-I37) -> #REF! | K37: =IF(C39=5,IF(AND(E35=0,D40=FALSE),J37,J38),J38) -> #REF!
C38: =RIGHT(C37,1) -> #REF! | D38: =D37+0 -> #REF! | J38: =FIXED(A35,0) -> #REF!
C39: =C38+0 -> #REF! | D39: es impar? | E39: Largo dato original | F39: largo parte enetero y decimal
D40: =ISODD(D37) -> #REF! | E40: =LEN(A35) -> #REF! | F40: =LEN(E37)+1 -> #REF!
A41: DATO 2
A42: Dato | B42: Dato redondeado | C42: =FIXED(A43,6) -> #REF! | D42: =RIGHT(C42,1) -> #REF! | E42: =D42/1000000 -> #REF! | F42: =A43-E42 -> #REF! | H42: =IF(C47=5,IF(AND(D43=0,D48=FALSE),J45,J46),J46) -> #REF!
A43: =INCERTIDUMBRE!L6 -> #REF! | B43: =IF(A43>=10,K77,IF(A43>=1,K69,IF(A43>=0.1,K61,IF(A43>=0.01,K53,IF(A43>=0.001,K45))))) -> #REF! | C43: 6 decimal | D43: =D42+0 -> #REF!
C44: Extrae el ultimo digito | D44: extrael primer digito | E44: parte entera | F44: Parte decimal | G44: cantidad de decimales | H44: decimales en enteros | I44: restar ultimo numero | J44: Elimar ultimo digito | K44: Dato Final
C45: =RIGHT(F42,2) -> #REF! | D45: =LEFT(C45,1) -> #REF! | E45: =TRUNC(A43) -> #REF! | F45: =FIXED(A43-E45,G45) -> #REF! | G45: =ABS(E48-F48) -> #REF! | H45: =RIGHT(A43,G45) -> #REF! | I45: 5e-05 | J45: =(A43-I45) -> #REF! | K45: =IF(C47=5,IF(AND(D43=0,D48=FALSE),J45,J46),J46) -> #REF!
C46: =RIGHT(C45,1) -> #REF! | D46: =D45+0 -> #REF! | J46: =FIXED(A43,4) -> #REF!
C47: =C46+0 -> #REF! | D47: es impar? | E47: Largo dato original | F47: largo parte enetero y decimal
D48: =ISODD(D45) -> #REF! | E48: =LEN(A43) -> #REF! | F48: =LEN(E45)+1 -> #REF!
A50: 4 Decimales
A51: =K45 -> #REF! | C51: =FIXED(A43,5) -> #REF! | D51: =RIGHT(C51,1) -> #REF! | E51: =D51+0 -> #REF!
C52: Extrae el ultimo digito | D52: extrael primer digito | E52: parte entera | F52: Parte decimal | G52: cantidad de decimales | H52: decimales en enteros | I52: restar ultimo numero | J52: Elimar ultimo digito | K52: Dato Final
C53: =RIGHT(A51,2) -> #REF! | D53: =LEFT(C53,1) -> #REF! | E53: =TRUNC(A51) -> #REF! | F53: =FIXED(A51-E53,G53) -> #REF! | G53: =ABS(E56-F56) -> #REF! | H53: =RIGHT(A51,G53) -> #REF! | I53: 0.0005 | J53: =(A51-I53) -> #REF! | K53: =IF(C55=5,IF(AND(E51=0,D56=FALSE),J53,J54),J54) -> #REF!
C54: =RIGHT(C53,1) -> #REF! | D54: =D53+0 -> #REF! | J54: =FIXED(A51,3) -> #REF!
C55: =C54+0 -> #REF! | D55: es impar? | E55: Largo dato original | F55: largo parte enetero y decimal
D56: =ISODD(D53) -> #REF! | E56: =LEN(A51) -> #REF! | F56: =LEN(E53)+1 -> #REF!
A58: 3 Decimales
A59: =K53 -> #REF! | C59: =FIXED(A51,4) -> #REF! | D59: =RIGHT(C59,1) -> #REF! | E59: =D59+0 -> #REF!
C60: Extrae el ultimo digito | D60: extrael primer digito | E60: parte entera | F60: Parte decimal | G60: cantidad de decimales | H60: decimales en enteros | I60: restar ultimo numero | J60: Elimar ultimo digito | K60: Dato Final
C61: =RIGHT(A59,2) -> #REF! | D61: =LEFT(C61,1) -> #REF! | E61: =TRUNC(A59) -> #REF! | F61: =FIXED(A59-E61,G61) -> #REF! | G61: =ABS(E64-F64) -> #REF! | H61: =RIGHT(A59,G61) -> #REF! | I61: 0.005 | J61: =(A59-I61) -> #REF! | K61: =IF(C63=5,IF(AND(E59=0,D64=FALSE),J61,J62),J62) -> #REF!
C62: =RIGHT(C61,1) -> #REF! | D62: =D61+0 -> #REF! | J62: =FIXED(A59,2) -> #REF!
C63: =C62+0 -> #REF! | D63: es impar? | E63: Largo dato original | F63: largo parte enetero y decimal
D64: =ISODD(D61) -> #REF! | E64: =LEN(A59) -> #REF! | F64: =LEN(E61)+1 -> #REF!
A66: 2 Decimales
A67: =K61 -> #REF! | C67: =FIXED(A59,3) -> #REF! | D67: =RIGHT(C67,1) -> #REF! | E67: =D67+0 -> #REF!
C68: Extrae el ultimo digito | D68: extrael primer digito | E68: parte entera | F68: Parte decimal | G68: cantidad de decimales | H68: decimales en enteros | I68: restar ultimo numero | J68: Elimar ultimo digito | K68: Dato Final
C69: =RIGHT(A67,2) -> #REF! | D69: =LEFT(C69,1) -> #REF! | E69: =TRUNC(A67) -> #REF! | F69: =FIXED(A67-E69,G69) -> #REF! | G69: =ABS(E72-F72) -> #REF! | H69: =RIGHT(A67,G69) -> #REF! | I69: 0.05 | J69: =(A67-I69) -> #REF! | K69: =IF(C71=5,IF(AND(E67=0,D72=FALSE),J69,J70),J70) -> #REF!
C70: =RIGHT(C69,1) -> #REF! | D70: =D69+0 -> #REF! | J70: =FIXED(A67,1) -> #REF!
C71: =C70+0 -> #REF! | D71: es impar? | E71: Largo dato original | F71: largo parte enetero y decimal
D72: =ISODD(D69) -> #REF! | E72: =LEN(A67) -> #REF! | F72: =LEN(E69)+1 -> #REF!
A74: 1 Decimales
A75: =K69 -> #REF! | C75: =FIXED(A67,2) -> #REF! | D75: =RIGHT(C75,1) -> #REF! | E75: =D75+0 -> #REF!
C76: Extrae el ultimo digito | D76: extrael primer digito | E76: parte entera | F76: Parte decimal | G76: cantidad de decimales | H76: decimales en enteros | I76: restar ultimo numero | J76: Elimar ultimo digito | K76: Dato Final
C77: =RIGHT(A75,2) -> #REF! | D77: =RIGHT(E77,1) -> #REF! | E77: =TRUNC(A75) -> #REF! | F77: =FIXED(A75-E77,G77) -> #REF! | G77: =ABS(E80-F80) -> #REF! | H77: =RIGHT(A75,G77) -> #REF! | I77: 0.5 | J77: =(A75-I77) -> #REF! | K77: =IF(C79=5,IF(AND(E75=0,D80=FALSE),J77,J78),J78) -> #REF!
C78: =RIGHT(C77,1) -> #REF! | D78: =D77+0 -> #REF! | J78: =FIXED(A75,0) -> #REF!
C79: =C78+0 -> #REF! | D79: es impar? | E79: Largo dato original | F79: largo parte enetero y decimal
D80: =ISODD(D77) -> #REF! | E80: =LEN(A75) -> #REF! | F80: =LEN(E77)+1 -> #REF!
A81: DATO 3
A82: Dato | B82: Dato redondeado | C82: =FIXED(A83,6) -> #REF! | D82: =RIGHT(C82,1) -> #REF! | E82: =D82/1000000 -> #REF! | F82: =A83-E82 -> #REF! | H82: =IF(C87=5,IF(AND(D83=0,D88=FALSE),J85,J86),J86) -> #REF!
A83: =INCERTIDUMBRE!L7 -> #REF! | B83: =IF(A83>=10,K117,IF(A83>=1,K109,IF(A83>=0.1,K101,IF(A83>=0.01,K93,IF(A83>=0.001,K85))))) -> #REF! | C83: 6 decimal | D83: =D82+0 -> #REF!
C84: Extrae el ultimo digito | D84: extrael primer digito | E84: parte entera | F84: Parte decimal | G84: cantidad de decimales | H84: decimales en enteros | I84: restar ultimo numero | J84: Elimar ultimo digito | K84: Dato Final
C85: =RIGHT(F82,2) -> #REF! | D85: =LEFT(C85,1) -> #REF! | E85: =TRUNC(A83) -> #REF! | F85: =FIXED(A83-E85,G85) -> #REF! | G85: =ABS(E88-F88) -> #REF! | H85: =RIGHT(A83,G85) -> #REF! | I85: 5e-05 | J85: =(A83-I85) -> #REF! | K85: =IF(C87=5,IF(AND(D83=0,D88=FALSE),J85,J86),J86) -> #REF!
C86: =RIGHT(C85,1) -> #REF! | D86: =D85+0 -> #REF! | J86: =FIXED(A83,4) -> #REF!
C87: =C86+0 -> #REF! | D87: es impar? | E87: Largo dato original | F87: largo parte enetero y decimal
D88: =ISODD(D85) -> #REF! | E88: =LEN(A83) -> #REF! | F88: =LEN(E85)+1 -> #REF!
A90: 4 Decimales
A91: =K85 -> #REF! | C91: =FIXED(A83,5) -> #REF! | D91: =RIGHT(C91,1) -> #REF! | E91: =D91+0 -> #REF!
C92: Extrae el ultimo digito | D92: extrael primer digito | E92: parte entera | F92: Parte decimal | G92: cantidad de decimales | H92: decimales en enteros | I92: restar ultimo numero | J92: Elimar ultimo digito | K92: Dato Final
C93: =RIGHT(A91,2) -> #REF! | D93: =LEFT(C93,1) -> #REF! | E93: =TRUNC(A91) -> #REF! | F93: =FIXED(A91-E93,G93) -> #REF! | G93: =ABS(E96-F96) -> #REF! | H93: =RIGHT(A91,G93) -> #REF! | I93: 0.0005 | J93: =(A91-I93) -> #REF! | K93: =IF(C95=5,IF(AND(E91=0,D96=FALSE),J93,J94),J94) -> #REF!
C94: =RIGHT(C93,1) -> #REF! | D94: =D93+0 -> #REF! | J94: =FIXED(A91,3) -> #REF!
C95: =C94+0 -> #REF! | D95: es impar? | E95: Largo dato original | F95: largo parte enetero y decimal
D96: =ISODD(D93) -> #REF! | E96: =LEN(A91) -> #REF! | F96: =LEN(E93)+1 -> #REF!
A98: 3 Decimales
A99: =K93 -> #REF! | C99: =FIXED(A91,4) -> #REF! | D99: =RIGHT(C99,1) -> #REF! | E99: =D99+0 -> #REF!
C100: Extrae el ultimo digito | D100: extrael primer digito | E100: parte entera | F100: Parte decimal | G100: cantidad de decimales | H100: decimales en enteros | I100: restar ultimo numero | J100: Elimar ultimo digito | K100: Dato Final
C101: =RIGHT(A99,2) -> #REF! | D101: =LEFT(C101,1) -> #REF! | E101: =TRUNC(A99) -> #REF! | F101: =FIXED(A99-E101,G101) -> #REF! | G101: =ABS(E104-F104) -> #REF! | H101: =RIGHT(A99,G101) -> #REF! | I101: 0.005 | J101: =(A99-I101) -> #REF! | K101: =IF(C103=5,IF(AND(E99=0,D104=FALSE),J101,J102),J102) -> #REF!
C102: =RIGHT(C101,1) -> #REF! | D102: =D101+0 -> #REF! | J102: =FIXED(A99,2) -> #REF!
C103: =C102+0 -> #REF! | D103: es impar? | E103: Largo dato original | F103: largo parte enetero y decimal
D104: =ISODD(D101) -> #REF! | E104: =LEN(A99) -> #REF! | F104: =LEN(E101)+1 -> #REF!
A106: 2 Decimales
A107: =K101 -> #REF! | C107: =FIXED(A99,3) -> #REF! | D107: =RIGHT(C107,1) -> #REF! | E107: =D107+0 -> #REF!
C108: Extrae el ultimo digito | D108: extrael primer digito | E108: parte entera | F108: Parte decimal | G108: cantidad de decimales | H108: decimales en enteros | I108: restar ultimo numero | J108: Elimar ultimo digito | K108: Dato Final
C109: =RIGHT(A107,2) -> #REF! | D109: =LEFT(C109,1) -> #REF! | E109: =TRUNC(A107) -> #REF! | F109: =FIXED(A107-E109,G109) -> #REF! | G109: =ABS(E112-F112) -> #REF! | H109: =RIGHT(A107,G109) -> #REF! | I109: 0.05 | J109: =(A107-I109) -> #REF! | K109: =IF(C111=5,IF(AND(E107=0,D112=FALSE),J109,J110),J110) -> #REF!
C110: =RIGHT(C109,1) -> #REF! | D110: =D109+0 -> #REF! | J110: =FIXED(A107,1) -> #REF!
C111: =C110+0 -> #REF! | D111: es impar? | E111: Largo dato original | F111: largo parte enetero y decimal
...

Sheet MEDIDA
C3: ECG
E4: Medidas del equipo bajo prueba
C5: Patrón (Lat/min) | E5: Lectura 1 (Lat/min) | G5: Lectura 2 (Lat/min) | I5: Lectura 3 (Lat/min) | K5: Lectura 4 (Lat/min) | M5: Promedio (Lat/min) | O5: Error (Lat/min)
C6: 30 | E6: 30 | G6: =E6 -> 30 | I6: =E6 -> 30 | K6: =E6 -> 30 | M6: =AVERAGE(E6:L6) -> 30 | O6: =M6-C6 -> 0
C7: 60 | E7: 60 | G7: =E7 -> 60 | I7: =E7 -> 60 | K7: =E7 -> 60 | M7: =AVERAGE(E7:L7) -> 60 | O7: =M7-C7 -> 0
C8: 120 | E8: 120 | G8: =E8 -> 120 | I8: =E8 -> 120 | K8: =E8 -> 120 | M8: =AVERAGE(E8:L8) -> 120 | O8: =M8-C8 -> 0
C9: 240 | E9: 240 | G9: =E9 -> 240 | I9: =E9 -> 240 | K9: =E9 -> 240 | M9: =AVERAGE(E9:L9) -> 240 | O9: =M9-C9 -> 0

Sheet PATRON
C2: NIBP
C3: Nominal | D3: Medido | E3: Corrección | F3: k | G3: Correcion estimada | H3: Residuales | I3: N-M-1 | J3: u interpolación
C4: -24.99 | D4: -25.2 | E4: =C4-D4 -> 0.21 | F4: 2 | G4: =_xlfn.IFS($C$2="PSI",(K$18*D4^4-K$19*D4^3+K$20*D4^2-K$21*D4-K$22),$C$2="kPa",(N$18*D4^4-N$19*D4^3+N$20*D4^2-N$21*D4-N$22),$C$2="inHg",(M$18*D4^4-M$19*D4^3+M$20*D4^2-M$21*D4-M$22),$C$2="mmHg",(L$18*D4^4-L$19*D4^3+L$20*D4^2-L$21*D4-L$22)) -> #N/A | H4: =E4-G4 -> #N/A | I4: =11-4-1 -> 6 | J4: =(SQRT(SUMSQ(I4:I14)/I4)) -> 2.4494897
C5: 9.99 | D5: 10.4 | E5: =C5-D5 -> -0.41 | F5: 2 | G5: =_xlfn.IFS($C$2="PSI",(K$18*D5^4-K$19*D5^3+K$20*D5^2-K$21*D5-K$22),$C$2="kPa",(N$18*D5^4-N$19*D5^3+N$20*D5^2-N$21*D5-N$22),$C$2="inHg",(M$18*D5^4-M$19*D5^3+M$20*D5^2-M$21*D5-M$22),$C$2="mmHg",(L$18*D5^4-L$19*D5^3+L$20*D5^2-L$21*D5-L$22)) -> #N/A | H5: =E5-G5 -> #N/A
C6: 29.99 | D6: 30.2 | E6: =C6-D6 -> -0.21 | F6: 2 | G6: =_xlfn.IFS($C$2="PSI",(K$18*D6^4-K$19*D6^3+K$20*D6^2-K$21*D6-K$22),$C$2="kPa",(N$18*D6^4-N$19*D6^3+N$20*D6^2-N$21*D6-N$22),$C$2="inHg",(M$18*D6^4-M$19*D6^3+M$20*D6^2-M$21*D6-M$22),$C$2="mmHg",(L$18*D6^4-L$19*D6^3+L$20*D6^2-L$21*D6-L$22)) -> #N/A | H6: =E6-G6 -> #N/A
C7: 49.99 | D7: 50.2 | E7: =C7-D7 -> -0.21 | F7: 2 | G7: =_xlfn.IFS($C$2="PSI",(K$18*D7^4-K$19*D7^3+K$20*D7^2-K$21*D7-K$22),$C$2="kPa",(N$18*D7^4-N$19*D7^3+N$20*D7^2-N$21*D7-N$22),$C$2="inHg",(M$18*D7^4-M$19*D7^3+M$20*D7^2-M$21*D7-M$22),$C$2="mmHg",(L$18*D7^4-L$19*D7^3+L$20*D7^2-L$21*D7-L$22)) -> #N/A | H7: =E7-G7 -> #N/A
C8: 79.99 | D8: 80.1 | E8: =C8-D8 -> -0.11 | F8: 2 | G8: =_xlfn.IFS($C$2="PSI",(K$18*D8^4-K$19*D8^3+K$20*D8^2-K$21*D8-K$22),$C$2="kPa",(N$18*D8^4-N$19*D8^3+N$20*D8^2-N$21*D8-N$22),$C$2="inHg",(M$18*D8^4-M$19*D8^3+M$20*D8^2-M$21*D8-M$22),$C$2="mmHg",(L$18*D8^4-L$19*D8^3+L$20*D8^2-L$21*D8-L$22)) -> #N/A | H8: =E8-G8 -> #N/A
B34: EQUIPO PATRÓN
B35: Equipo patrón: | G35: Simulador de signos vitales
B36: Marca: | G36: BC Biomedical
B37: Modelo: | G37: NIBP-1020
B38: Serie: | G38: 73581403 Rev AH
B39: Fecha de Calibración: | G39: 44971
B40: No. Certificado: | G40: L4015
B41: Incertidumbre NIBP: | G41: 0.11
B42: Incertidumbre ECG: | G42: 0.48
B43: Deriva NIBP | G43: 0.5
B44: Deriva ECG | G44: 0
B45: Resolución NIBP | G45: 0.1
B46: Resolución ECG | G46: 1
B47: Factor de cobertura K: | G47: 2
B49: EQUIPO PATRÓN
B50: Equipo patrón: | G50: Termómetro
B51: Marca: | G51: No registra
B52: Modelo: | G52: No registra
B53: Serie: | G53: No registra
B54: Fecha de Calibración: | G54: 45048
B55: No. Certificado: | G55: CA00305-23
B56: Incertidumbre Temperatura | G56: 0.52
B57: Deriva Temperatura: | G57: 0.2
B58: Resolución Temperatura: | G58: 0.1
B59: Factor de cobertura K: | G59: 2
B61: EQUIPO PATRÓN
B62: Equipo patrón: | G62: Simulador de SPO2
B63: Marca: | G63: BC Biomedical
B64: Modelo: | G64: FSX-1101
B65: Serie: | G65: 73021035
B66: Fecha de Calibración: | G66: 44970
B67: No. Certificado: | G67: L4013
B68: Incertidumbre SPO2: | G68: 2.3
B69: Incertidumbre ECG: | G69: 1.7
B70: Deriva SPO2: | G70: 0.8
B71: Deriva ECG: | G71: 1
B72: Resolución ECG: | G72: 1
B73: Resolución SPO2: | G73: 1
B74: Factor de cobertura K: | G74: 2

Sheet INCERTIDUMBRE
B2: FUENTES DE INCERTIDUMBRE PRESIÓN NO INVASIVA
B3: Punto de calibración | C3: Cert de calibración | D3: Deriva | E3: Interpolación | F3: Resolución item | G3: Resolución patrón | H3: Repetibilidad | I3: Incertidumbre combinada | J3: Veff | K3: Factor de cobertura (k) | L3: Incertidumbre Expandida
B4: =MEDIDA!#REF! -> #REF! | C4: =0.11/2 -> 0.055 | D4: =PATRON!G$43/SQRT(3) -> 0.28867513 | E4: 0 | F4: =1/SQRT(12) -> 0.28867513 | G4: =PATRON!G$45/SQRT(12) -> 0.028867513 | H4: =STDEVA(MEDIDA!#REF!)/SQRT(4) -> #REF! | I4: =SQRT(SUMSQ(C4:H4)) -> #REF! | J4: =I4^4/(C4^4/200+D4^4/200+E4^4/200+F4^4/200+G4^4/200+H4^4/3) -> #REF! | K4: =TINV(0.0455,J4) -> #REF! | L4: =I4*K4 -> #REF!
B5: =MEDIDA!#REF! -> #REF! | C5: =0.11/2 -> 0.055 | D5: =PATRON!G$43/SQRT(3) -> 0.28867513 | E5: 0 | F5: =1/SQRT(12) -> 0.28867513 | G5: =PATRON!G$45/SQRT(12) -> 0.028867513 | H5: =STDEVA(MEDIDA!#REF!)/SQRT(4) -> #REF! | I5: =SQRT(SUMSQ(C5:H5)) -> #REF! | J5: =I5^4/(C5^4/200+D5^4/200+E5^4/200+F5^4/200+G5^4/200+H5^4/3) -> #REF! | K5: =TINV(0.0455,J5) -> #REF! | L5: =I5*K5 -> #REF!
B6: =MEDIDA!#REF! -> #REF! | C6: =0.11/2 -> 0.055 | D6: =PATRON!G$43/SQRT(3) -> 0.28867513 | E6: 0 | F6: =1/SQRT(12) -> 0.28867513 | G6: =PATRON!G$45/SQRT(12) -> 0.028867513 | H6: =STDEVA(MEDIDA!#REF!)/SQRT(4) -> #REF! | I6: =SQRT(SUMSQ(C6:H6)) -> #REF! | J6: =I6^4/(C6^4/200+D6^4/200+E6^4/200+F6^4/200+G6^4/200+H6^4/3) -> #REF! | K6: =TINV(0.0455,J6) -> #REF! | L6: =I6*K6 -> #REF!
B7: =MEDIDA!#REF! -> #REF! | C7: =0.11/2 -> 0.055 | D7: =PATRON!G$43/SQRT(3) -> 0.28867513 | E7: 0 | F7: =1/SQRT(12) -> 0.28867513 | G7: =PATRON!G$45/SQRT(12) -> 0.028867513 | H7: =STDEVA(MEDIDA!#REF!)/SQRT(4) -> #REF! | I7: =SQRT(SUMSQ(C7:H7)) -> #REF! | J7: =I7^4/(C7^4/200+D7^4/200+E7^4/200+F7^4/200+G7^4/200+H7^4/3) -> #REF! | K7: =TINV(0.0455,J7) -> #REF! | L7: =I7*K7 -> #REF!
B8: =MEDIDA!#REF! -> #REF! | C8: =0.11/2 -> 0.055 | D8: =PATRON!G$43/SQRT(3) -> 0.28867513 | E8: 0 | F8: =1/SQRT(12) -> 0.28867513 | G8: =PATRON!G$45/SQRT(12) -> 0.028867513 | H8: =STDEVA(MEDIDA!#REF!)/SQRT(4) -> #REF! | I8: =SQRT(SUMSQ(C8:H8)) -> #REF! | J8: =I8^4/(C8^4/200+D8^4/200+E8^4/200+F8^4/200+G8^4/200+H8^4/3) -> #REF! | K8: =TINV(0.0455,J8) -> #REF! | L8: =I8*K8 -> #REF!
B10: FUENTES DE INCERTIDUMBRE PRESIÓN INVASIVA 1
B11: Punto de calibración | C11: Cert de calibración | D11: Deriva | E11: Interpolación | F11: Resolución item | G11: Resolución patrón | H11: Repetibilidad | I11: Incertidumbre combinada | J11: Veff | K11: Factor de cobertura (k) | L11: Incertidumbre Expandida
B12: =MEDIDA!#REF! -> #REF! | C12: =0.11/2 -> 0.055 | D12: =PATRON!G$43/SQRT(3) -> 0.28867513 | E12: 0 | F12: =1/SQRT(12) -> 0.28867513 | G12: =PATRON!G$45/SQRT(12) -> 0.028867513 | H12: =STDEVA(MEDIDA!#REF!)/SQRT(4) -> #REF! | I12: =SQRT(SUMSQ(C12:H12)) -> #REF! | J12: =I12^4/(C12^4/200+D12^4/200+E12^4/200+F12^4/200+G12^4/200+H12^4/3) -> #REF! | K12: =TINV(0.0455,J12) -> #REF! | L12: =I12*K12 -> #REF!
B13: =MEDIDA!#REF! -> #REF! | C13: =0.11/2 -> 0.055 | D13: =PATRON!G$43/SQRT(3) -> 0.28867513 | E13: 0 | F13: =1/SQRT(12) -> 0.28867513 | G13: =PATRON!G$45/SQRT(12) -> 0.028867513 | H13: =STDEVA(MEDIDA!#REF!)/SQRT(4) -> #REF! | I13: =SQRT(SUMSQ(C13:H13)) -> #REF! | J13: =I13^4/(C13^4/200+D13^4/200+E13^4/200+F13^4/200+G13^4/200+H13^4/3) -> #REF! | K13: =TINV(0.0455,J13) -> #REF! | L13: =I13*K13 -> #REF!
B14: =MEDIDA!#REF! -> #REF! | C14: =0.11/2 -> 0.055 | D14: =PATRON!G$43/SQRT(3) -> 0.28867513 | E14: 0 | F14: =1/SQRT(12) -> 0.28867513 | G14: =PATRON!G$45/SQRT(12) -> 0.028867513 | H14: =STDEVA(MEDIDA!#REF!)/SQRT(4) -> #REF! | I14: =SQRT(SUMSQ(C14:H14)) -> #REF! | J14: =I14^4/(C14^4/200+D14^4/200+E14^4/200+F14^4/200+G14^4/200+H14^4/3) -> #REF! | K14: =TINV(0.0455,J14) -> #REF! | L14: =I14*K14 -> #REF!
B15: =MEDIDA!#REF! -> #REF! | C15: =0.11/2 -> 0.055 | D15: =PATRON!G$43/SQRT(3) -> 0.28867513 | E15: 0 | F15: =1/SQRT(12) -> 0.28867513 | G15: =PATRON!G$45/SQRT(12) -> 0.028867513 | H15: =STDEVA(MEDIDA!#REF!)/SQRT(4) -> #REF! | I15: =SQRT(SUMSQ(C15:H15)) -> #REF! | J15: =I15^4/(C15^4/200+D15^4/200+E15^4/200+F15^4/200+G15^4/200+H15^4/3) -> #REF! | K15: =TINV(0.0455,J15) -> #REF! | L15: =I15*K15 -> #REF!
B16: =MEDIDA!#REF! -> #REF! | C16: =0.11/2 -> 0.055 | D16: =PATRON!G$43/SQRT(3) -> 0.28867513 | E16: 0 | F16: =1/SQRT(12) -> 0.28867513 | G16: =PATRON!G$45/SQRT(12) -> 0.028867513 | H16: =STDEVA(MEDIDA!#REF!)/SQRT(4) -> #REF! | I16: =SQRT(SUMSQ(C16:H16)) -> #REF! | J16: =I16^4/(C16^4/200+D16^4/200+E16^4/200+F16^4/200+G16^4/200+H16^4/3) -> #REF! | K16: =TINV(0.0455,J16) -> #REF! | L16: =I16*K16 -> #REF!
B18: FUENTES DE INCERTIDUMBRE PRESIÓN INVASIVA 2
B19: Punto de calibración | C19: Cert de calibración | D19: Deriva | E19: Interpolación | F19: Resolución item | G19: Resolución patrón | H19: Repetibilidad | I19: Incertidumbre combinada | J19: Veff | K19: Factor de cobertura (k) | L19: Incertidumbre Expandida
B20: =MEDIDA!#REF! -> #REF! | C20: =0.11/2 -> 0.055 | D20: =PATRON!G$43/SQRT(3) -> 0.28867513 | E20: 0 | F20: =1/SQRT(12) -> 0.28867513 | G20: =PATRON!G$45/SQRT(12) -> 0.028867513 | H20: =STDEVA(MEDIDA!#REF!)/SQRT(4) -> #REF! | I20: =SQRT(SUMSQ(C20:H20)) -> #REF! | J20: =I20^4/(C20^4/200+D20^4/200+E20^4/200+F20^4/200+G20^4/200+H20^4/3) -> #REF! | K20: =TINV(0.0455,J20) -> #REF! | L20: =I20*K20 -> #REF!
B21: =MEDIDA!#REF! -> #REF! | C21: =0.11/2 -> 0.055 | D21: =PATRON!G$43/SQRT(3) -> 0.28867513 | E21: 0 | F21: =1/SQRT(12) -> 0.28867513 | G21: =PATRON!G$45/SQRT(12) -> 0.028867513 | H21: =STDEVA(MEDIDA!#REF!)/SQRT(4) -> #REF! | I21: =SQRT(SUMSQ(C21:H21)) -> #REF! | J21: =I21^4/(C21^4/200+D21^4/200+E21^4/200+F21^4/200+G21^4/200+H21^4/3) -> #REF! | K21: =TINV(0.0455,J21) -> #REF! | L21: =I21*K21 -> #REF!
B22: =MEDIDA!#REF! -> #REF! | C22: =0.11/2 -> 0.055 | D22: =PATRON!G$43/SQRT(3) -> 0.28867513 | E22: 0 | F22: =1/SQRT(12) -> 0.28867513 | G22: =PATRON!G$45/SQRT(12) -> 0.028867513 | H22: =STDEVA(MEDIDA!#REF!)/SQRT(4) -> #REF! | I22: =SQRT(SUMSQ(C22:H22)) -> #REF! | J22: =I22^4/(C22^4/200+D22^4/200+E22^4/200+F22^4/200+G22^4/200+H22^4/3) -> #REF! | K22: =TINV(0.0455,J22) -> #REF! | L22: =I22*K22 -> #REF!
B23: =MEDIDA!#REF! -> #REF! | C23: =0.11/2 -> 0.055 | D23: =PATRON!G$43/SQRT(3) -> 0.28867513 | E23: 0 | F23: =1/SQRT(12) -> 0.28867513 | G23: =PATRON!G$45/SQRT(12) -> 0.028867513 | H23: =STDEVA(MEDIDA!#REF!)/SQRT(4) -> #REF! | I23: =SQRT(SUMSQ(C23:H23)) -> #REF! | J23: =I23^4/(C23^4/200+D23^4/200+E23^4/200+F23^4/200+G23^4/200+H23^4/3) -> #REF! | K23: =TINV(0.0455,J23) -> #REF! | L23: =I23*K23 -> #REF!
B24: =MEDIDA!#REF! -> #REF! | C24: =0.11/2 -> 0.055 | D24: =PATRON!G$43/SQRT(3) -> 0.28867513 | E24: 0 | F24: =1/SQRT(12) -> 0.28867513 | G24: =PATRON!G$45/SQRT(12) -> 0.028867513 | H24: =STDEVA(MEDIDA!#REF!)/SQRT(4) -> #REF! | I24: =SQRT(SUMSQ(C24:H24)) -> #REF! | J24: =I24^4/(C24^4/200+D24^4/200+E24^4/200+F24^4/200+G24^4/200+H24^4/3) -> #REF! | K24: =TINV(0.0455,J24) -> #REF! | L24: =I24*K24 -> #REF!
B26: FUENTES DE INCERTIDUMBRE ECG
B27: Punto de calibración | C27: Cert de calibración | D27: Deriva | E27: Interpolación | F27: Resolución item | G27: Resolución patrón | H27: Repetibilidad | I27: Incertidumbre combinada | J27: Veff | K27: Factor de cobertura (k) | L27: Incertidumbre Expandida
B28: =MEDIDA!C6 -> 30 | C28: =PATRON!G$42/2 -> 0.24 | D28: =PATRON!G$44 -> 0 | E28: 0 | F28: =1/SQRT(12) -> 0.28867513 | G28: =1/SQRT(12) -> 0.28867513 | H28: =STDEVA(MEDIDA!E6:L6)/SQRT(4) -> 0 | I28: =SQRT(SUMSQ(C28:H28)) -> 0.47356802 | J28: =I28^4/(C28^4/200+D28^4/200+E28^4/200+F28^4/200+G28^4/200+H28^4/3) -> 584.60585 | K28: =TINV(0.0455,J28) -> 2.0042923 | L28: =I28*K28 -> 0.94916872
B29: =MEDIDA!C7 -> 60 | C29: =PATRON!G$42/2 -> 0.24 | D29: =PATRON!G$44 -> 0 | E29: 0 | F29: =1/SQRT(12) -> 0.28867513 | G29: =1/SQRT(12) -> 0.28867513 | H29: =STDEVA(MEDIDA!E7:L7)/SQRT(4) -> 0 | I29: =SQRT(SUMSQ(C29:H29)) -> 0.47356802 | J29: =I29^4/(C29^4/200+D29^4/200+E29^4/200+F29^4/200+G29^4/200+H29^4/3) -> 584.60585 | K29: =TINV(0.0455,J29) -> 2.0042923 | L29: =I29*K29 -> 0.94916872
B30: =MEDIDA!C8 -> 120 | C30: =PATRON!G$42/2 -> 0.24 | D30: =PATRON!G$44 -> 0 | E30: 0 | F30: =1/SQRT(12) -> 0.28867513 | G30: =1/SQRT(12) -> 0.28867513 | H30: =STDEVA(MEDIDA!E8:L8)/SQRT(4) -> 0 | I30: =SQRT(SUMSQ(C30:H30)) -> 0.47356802 | J30: =I30^4/(C30^4/200+D30^4/200+E30^4/200+F30^4/200+G30^4/200+H30^4/3) -> 584.60585 | K30: =TINV(0.0455,J30) -> 2.0042923 | L30: =I30*K30 -> 0.94916872
B31: =MEDIDA!C9 -> 240 | C31: =PATRON!G$42/2 -> 0.24 | D31: =PATRON!G$44 -> 0 | E31: 0 | F31: =1/SQRT(12) -> 0.28867513 | G31: =1/SQRT(12) -> 0.28867513 | H31: =STDEVA(MEDIDA!E9:L9)/SQRT(4) -> 0 | I31: =SQRT(SUMSQ(C31:H31)) -> 0.47356802 | J31: =I31^4/(C31^4/200+D31^4/200+E31^4/200+F31^4/200+G31^4/200+H31^4/3) -> 584.60585 | K31: =TINV(0.0455,J31) -> 2.0042923 | L31: =I31*K31 -> 0.94916872
B33: FUENTES DE INCERTIDUMBRE ECG (SPO2)
B34: Punto de calibración | C34: Cert de calibración | D34: Deriva | E34: Interpolación | F34: Resolución item | G34: Resolución patrón | H34: Repetibilidad | I34: Incertidumbre combinada | J34: Veff | K34: Factor de cobertura (k) | L34: Incertidumbre Expandida
B35: =MEDIDA!#REF! -> #REF! | C35: =PATRON!G$69/2 -> 0.85 | D35: =PATRON!G$71/SQRT(3) -> 0.57735027 | E35: 0 | F35: =1/SQRT(12) -> 0.28867513 | G35: =1/SQRT(12) -> 0.28867513 | H35: =STDEVA(MEDIDA!#REF!)/SQRT(4) -> #REF! | I35: =SQRT(SUMSQ(C35:H35)) -> #REF! | J35: =I35^4/(C35^4/200+D35^4/200+E35^4/200+F35^4/200+G35^4/200+H35^4/3) -> #REF! | K35: =TINV(0.0455,J35) -> #REF! | L35: =I35*K35 -> #REF!
B36: =MEDIDA!#REF! -> #REF! | C36: =PATRON!G$69/2 -> 0.85 | D36: =PATRON!G$71/SQRT(3) -> 0.57735027 | E36: 0 | F36: =1/SQRT(12) -> 0.28867513 | G36: =1/SQRT(12) -> 0.28867513 | H36: =STDEVA(MEDIDA!#REF!)/SQRT(4) -> #REF! | I36: =SQRT(SUMSQ(C36:H36)) -> #REF! | J36: =I36^4/(C36^4/200+D36^4/200+E36^4/200+F36^4/200+G36^4/200+H36^4/3) -> #REF! | K36: =TINV(0.0455,J36) -> #REF! | L36: =I36*K36 -> #REF!
B37: =MEDIDA!#REF! -> #REF! | C37: =PATRON!G$69/2 -> 0.85 | D37: =PATRON!G$71/SQRT(3) -> 0.57735027 | E37: 0 | F37: =1/SQRT(12) -> 0.28867513 | G37: =1/SQRT(12) -> 0.28867513 | H37: =STDEVA(MEDIDA!#REF!)/SQRT(4) -> #REF! | I37: =SQRT(SUMSQ(C37:H37)) -> #REF! | J37: =I37^4/(C37^4/200+D37^4/200+E37^4/200+F37^4/200+G37^4/200+H37^4/3) -> #REF! | K37: =TINV(0.0455,J37) -> #REF! | L37: =I37*K37 -> #REF!
B38: =MEDIDA!#REF! -> #REF! | C38: =PATRON!G$69/2 -> 0.85 | D38: =PATRON!G$71/SQRT(3) -> 0.57735027 | E38: 0 | F38: =1/SQRT(12) -> 0.28867513 | G38: =1/SQRT(12) -> 0.28867513 | H38: =STDEVA(MEDIDA!#REF!)/SQRT(4) -> #REF! | I38: =SQRT(SUMSQ(C38:H38)) -> #REF! | J38: =I38^4/(C38^4/200+D38^4/200+E38^4/200+F38^4/200+G38^4/200+H38^4/3) -> #REF! | K38: =TINV(0.0455,J38) -> #REF! | L38: =I38*K38 -> #REF!
B40: FUENTES DE INCERTIDUMBRE SPO2
B41: Punto de calibración | C41: Cert de calibración | D41: Deriva | E41: Interpolación | F41: Resolución item | G41: Resolución patrón | H41: Repetibilidad | I41: Incertidumbre combinada | J41: Veff | K41: Factor de cobertura (k) | L41: Incertidumbre Expandida
B42: =MEDIDA!#REF! -> #REF! | C42: =PATRON!G$68/2 -> 1.15 | D42: =PATRON!G$70/SQRT(3) -> 0.46188022 | E42: 0 | F42: =1/SQRT(12) -> 0.28867513 | G42: =1/SQRT(12) -> 0.28867513 | H42: =STDEVA(MEDIDA!#REF!)/SQRT(4) -> #REF! | I42: =SQRT(SUMSQ(C42:H42)) -> #REF! | J42: =I42^4/(C42^4/200+D42^4/200+E42^4/200+F42^4/200+G42^4/200+H42^4/3) -> #REF! | K42: =TINV(0.0455,J42) -> #REF! | L42: =I42*K42 -> #REF!
B43: =MEDIDA!#REF! -> #REF! | C43: =PATRON!G$68/2 -> 1.15 | D43: =PATRON!G$70/SQRT(3) -> 0.46188022 | E43: 0 | F43: =1/SQRT(12) -> 0.28867513 | G43: =1/SQRT(12) -> 0.28867513 | H43: =STDEVA(MEDIDA!#REF!)/SQRT(4) -> #REF! | I43: =SQRT(SUMSQ(C43:H43)) -> #REF! | J43: =I43^4/(C43^4/200+D43^4/200+E43^4/200+F43^4/200+G43^4/200+H43^4/3) -> #REF! | K43: =TINV(0.0455,J43) -> #REF! | L43: =I43*K43 -> #REF!
B44: =MEDIDA!#REF! -> #REF! | C44: =PATRON!G$68/2 -> 1.15 | D44: =PATRON!G$70/SQRT(3) -> 0.46188022 | E44: 0 | F44: =1/SQRT(12) -> 0.28867513 | G44: =1/SQRT(12) -> 0.28867513 | H44: =STDEVA(MEDIDA!#REF!)/SQRT(4) -> #REF! | I44: =SQRT(SUMSQ(C44:H44)) -> #REF! | J44: =I44^4/(C44^4/200+D44^4/200+E44^4/200+F44^4/200+G44^4/200+H44^4/3) -> #REF! | K44: =TINV(0.0455,J44) -> #REF! | L44: =I44*K44 -> #REF!
B45: =MEDIDA!#REF! -> #REF! | C45: =PATRON!G$68/2 -> 1.15 | D45: =PATRON!G$70/SQRT(3) -> 0.46188022 | E45: 0 | F45: =1/SQRT(12) -> 0.28867513 | G45: =1/SQRT(12) -> 0.28867513 | H45: =STDEVA(MEDIDA!#REF!)/SQRT(4) -> #REF! | I45: =SQRT(SUMSQ(C45:H45)) -> #REF! | J45: =I45^4/(C45^4/200+D45^4/200+E45^4/200+F45^4/200+G45^4/200+H45^4/3) -> #REF! | K45: =TINV(0.0455,J45) -> #REF! | L45: =I45*K45 -> #REF!
B46: =MEDIDA!#REF! -> #REF! | C46: =PATRON!G$68/2 -> 1.15 | D46: =PATRON!G$70/SQRT(3) -> 0.46188022 | E46: 0 | F46: =1/SQRT(12) -> 0.28867513 | G46: =1/SQRT(12) -> 0.28867513 | H46: =STDEVA(MEDIDA!#REF!)/SQRT(4) -> #REF! | I46: =SQRT(SUMSQ(C46:H46)) -> #REF! | J46: =I46^4/(C46^4/200+D46^4/200+E46^4/200+F46^4/200+G46^4/200+H46^4/3) -> #REF! | K46: =TINV(0.0455,J46) -> #REF! | L46: =I46*K46 -> #REF!
B48: FUENTES DE INCERTIDUMBRE TEMEPERATURA 1
B49: Punto de calibración | C49: Cert de calibración | D49: Deriva | E49: Interpolación | F49: Resolución item | G49: Resolución patrón | H49: Repetibilidad | I49: Incertidumbre combinada | J49: Veff | K49: Factor de cobertura (k) | L49: Incertidumbre Expandida
B50: =MEDIDA!#REF! -> #REF! | C50: =PATRON!$G$56/2 -> 0.26 | D50: =PATRON!G$57/SQRT(3) -> 0.11547005 | E50: 0 | F50: =0.1/SQRT(12) -> 0.028867513 | G50: =0.1/SQRT(12) -> 0.028867513 | H50: 0 | I50: =SQRT(SUMSQ(C50:H50)) -> 0.28740216 | J50: =I50^4/(C50^4/200+D50^4/200+E50^4/200+F50^4/200+G50^4/200+H50^4/3) -> 287.33903 | K50: =TINV(0.0455,J50) -> 2.0087506 | L50: =I50*K50 -> 0.57731925
B51: =MEDIDA!#REF! -> #REF! | C51: =PATRON!$G$56/2 -> 0.26 | D51: =PATRON!G$57/SQRT(3) -> 0.11547005 | E51: 0 | F51: =0.1/SQRT(12) -> 0.028867513 | G51: =0.1/SQRT(12) -> 0.028867513 | H51: 0 | I51: =SQRT(SUMSQ(C51:H51)) -> 0.28740216 | J51: =I51^4/(C51^4/200+D51^4/200+E51^4/200+F51^4/200+G51^4/200+H51^4/3) -> 287.33903 | K51: =TINV(0.0455,J51) -> 2.0087506 | L51: =I51*K51 -> 0.57731925
B52: =MEDIDA!#REF! -> #REF! | C52: =PATRON!$G$56/2 -> 0.26 | D52: =PATRON!G$57/SQRT(3) -> 0.11547005 | E52: 0 | F52: =0.1/SQRT(12) -> 0.028867513 | G52: =0.1/SQRT(12) -> 0.028867513 | H52: 0 | I52: =SQRT(SUMSQ(C52:H52)) -> 0.28740216 | J52: =I52^4/(C52^4/200+D52^4/200+E52^4/200+F52^4/200+G52^4/200+H52^4/3) -> 287.33903 | K52: =TINV(0.0455,J52) -> 2.0087506 | L52: =I52*K52 -> 0.57731925
B54: FUENTES DE INCERTIDUMBRE TEMPERATURA 2
B55: Punto de calibración | C55: Cert de calibración | D55: Deriva | E55: Interpolación | F55: Resolución item | G55: Resolución patrón | H55: Repetibilidad | I55: Incertidumbre combinada | J55: Veff | K55: Factor de cobertura (k) | L55: Incertidumbre Expandida
B56: =MEDIDA!#REF! -> #REF! | C56: =PATRON!$G$56/2 -> 0.26 | D56: =PATRON!G$57/SQRT(3) -> 0.11547005 | E56: 0 | F56: =0.1/SQRT(12) -> 0.028867513 | G56: =0.1/SQRT(12) -> 0.028867513 | H56: 0 | I56: =SQRT(SUMSQ(C56:H56)) -> 0.28740216 | J56: =I56^4/(C56^4/200+D56^4/200+E56^4/200+F56^4/200+G56^4/200+H56^4/3) -> 287.33903 | K56: =TINV(0.0455,J56) -> 2.0087506 | L56: =I56*K56 -> 0.57731925
B57: =MEDIDA!#REF! -> #REF! | C57: =PATRON!$G$56/2 -> 0.26 | D57: =PATRON!G$57/SQRT(3) -> 0.11547005 | E57: 0 | F57: =0.1/SQRT(12) -> 0.028867513 | G57: =0.1/SQRT(12) -> 0.028867513 | H57: 0 | I57: =SQRT(SUMSQ(C57:H57)) -> 0.28740216 | J57: =I57^4/(C57^4/200+D57^4/200+E57^4/200+F57^4/200+G57^4/200+H57^4/3) -> 287.33903 | K57: =TINV(0.0455,J57) -> 2.0087506 | L57: =I57*K57 -> 0.57731925
B58: =MEDIDA!#REF! -> #REF! | C58: =PATRON!$G$56/2 -> 0.26 | D58: =PATRON!G$57/SQRT(3) -> 0.11547005 | E58: 0 | F58: =0.1/SQRT(12) -> 0.028867513 | G58: =0.1/SQRT(12) -> 0.028867513 | H58: 0 | I58: =SQRT(SUMSQ(C58:H58)) -> 0.28740216 | J58: =I58^4/(C58^4/200+D58^4/200+E58^4/200+F58^4/200+G58^4/200+H58^4/3) -> 287.33903 | K58: =TINV(0.0455,J58) -> 2.0087506 | L58: =I58*K58 -> 0.57731925

Sheet CERTIFICADO 
O1: CERTIFICADO N°: | R1: =INFORMACIÓN!G3 -> 0
C3: 1. EQUIPO BAJO PRUEBA
C5: INSTRUMENTO: | I5: =INFORMACIÓN!A3 -> 0
C6: MARCA: | I6: =INFORMACIÓN!B3 -> 0
C7: MODELO: | I7: =INFORMACIÓN!C3 -> 0
C8: SERIE: | I8: =INFORMACIÓN!D3 -> 0
C9: CÓDIGO INTERNO: | I9: =INFORMACIÓN!F3 -> 0
C10: UBICACIÓN: | I10: =INFORMACIÓN!E3 -> 0
C11: ESTADO FÍSICO: | I11: =INFORMACIÓN!B8 -> BUEN ESTADO
C12: FECHA DE RECEPCIÓN: | I12: =INFORMACIÓN!H3 -> 0
C13: FECHA DE CALIBRACIÓN: | I13: =INFORMACIÓN!B9 -> 0
C15: 2. DATOS DEL CLIENTE
C17: NOMBRE: | I17: =INFORMACIÓN!E7 -> 0
C18: NIT: | I18: =INFORMACIÓN!E8 -> 0
C19: TELÉFONO: | I19: =INFORMACIÓN!E9 -> 0
C20: DIRECCIÓN: | I20: =INFORMACIÓN!E10 -> 0
C21: CIUDAD: | I21: =INFORMACIÓN!E11 -> 0
C23: Este certificado expresa fielmente el resultado de las mediciones realizadas; no podrá ser reproducido total o parcialmente excepto cuando se haya obtenido permiso por escrito de BTM COLOMBIA ZOMAC S.A.S y se debe reproducir en su totalidad, para proporcionar seguridad de que el certificado no sea sacado de contexto. Los resultados que se encuentran en este certificado se refieren al momento y condiciones en que se realizaron las mediciones, BTM COLOMBIA ZOMAC S.A.S no se responsabiliza de los daños que puedan ser causados por el uso inadecuado de los equipos calibrados. El usuario es responsable de la calibración de sus instrumentos a intervalos apropiados. El laboratorio no se hace responsable por cómo la información suministrada por el cliente afecte los resultados de medición.
C31: REVISÓ Y AUTORIZÓ: | I31: CALIBRADO POR: | M31: =INFORMACIÓN!B15 -> ING. GABRIEL DURÁN
I32: FECHA DE EMISIÓN: | M32: =INFORMACIÓN!B10 -> 0
I33: NÚMERO DE PÁGINAS: | M33: 3
C36: ING. JOHAN SEBASTIÁN PÉREZ
C37: DIRECTOR DE LABORATORIO
O38: =O1 -> CERTIFICADO N°: | R38: =R1 -> 0
B40: 3. CONDICIONES AMBIENTALES
B41: El laboratorio de metrología BTM COLOMBIA ZOMAC S.A.S registra las condiciones ambientales (Humedad y Temperatura) tomando los máximos y mínimos alcanzados durante el tiempo en que se ejecuta la calibración. A continuación se presenta el promedio y la variación resultante.
F45: TEMPERATURA AMBIENTE (°C) | K45: HUMEDAD RELATIVA (%HR)
F46: =AVERAGE(INFORMACIÓN!B11:B12) -> 24.3 | H46: ± | I46: =ABS(INFORMACIÓN!B11-INFORMACIÓN!B12) -> 0.4 | K46: =AVERAGE(INFORMACIÓN!B13:B14) -> 61.5 | M46: ± | N46: =ABS(INFORMACIÓN!B13-INFORMACIÓN!B14) -> 3
F48: La calibración fue realizada en: | K48: =INFORMACIÓN!H2 -> Fecha de Recepción
B50: 4. INCERTIDUMBRE DE MEDICIÓN
B51: La incertidumbre expandida de la medición reportada se establece como la incertidumbre estándar de medición multiplicada por el factor de cobertura “k” y la probabilidad de cobertura, la cual debe ser aproximada al 95% y no menor a este valor. La incertidumbre de medición ha sido estimada con un nivel de confianza del 95,45% empleando una distribución t de student. Cuando se hace declaración de cumplimiento, el laboratorio hace referencia a las especificaciones del fabricante, norma o requisitos declarados por el cliente. La regla de decisión aplicada en estos casos será |Error| +U ≤ EMP según la ASME B89 7.3.1, si cumple la anterior condición la medición se toma como conforme y registrará un pasa, en caso contrario se registrará falla. La probabilidad de dar una aceptación falsa o un rechazo falso no lo determina el laboratorio, sin embargo se puede calcular de acuerdo a la guía JCGM 106:2012 según su numeral 8.
B60: 5. PROCEDIMIENTO DE CALIBRACIÓN
B61: La calibración se ejecutó mediante el método de comparación directa con patrón de referencia de acuerdo con el procedimiento interno para Holter de Ritmo BTM-P-024.
B64: 6. TRAZABILIDAD
B65: El laboratorio BTM COLOMBIA ZOMAC S.A.S establece la trazabilidad metrológica de sus mediciones al sistema internacional de unidades (SI), por medio de una cadena documentada de calibraciones, las cuales se encuentran referenciadas a patrones de medidas primarios. Esta vinculación se logra a través del uso de patrones calibrados por institutos nacionales de metrología (INM) y por laboratorios acreditados por parte de un organismo de acreditación.
B70: PATRÓN | H70: SERIE | M70: CALIBRACIÓN | P70: CERTIFICADO
B71: Simulador de signos vitales | H71: 73581403 | M71: 46065 | P71: L5555
O76: =O1 -> CERTIFICADO N°: | R76: =R1 -> 0
B78: 7. RESULTADOS DE LA CALIBRACIÓN
B80: Calibración de frecuencia cardiaca | I80: Intervalo de medición (Lat/min): | N80: 30 a 240 | P80: Resolución (Lat/min): | S80: 1
D82: Medidas del equipo bajo prueba | L82: *Lat/min= Latidos por minuto
B83: Patrón (Lat/min) | D83: Lectura 1 (Lat/min) | F83: Lectura 2 (Lat/min) | H83: Lectura 3 (Lat/min) | J83: Lectura 4 (Lat/min) | L83: Promedio (Lat/min) | N83: Error (Lat/min) | P83: Incertidumbre Expandida ± | S83: k
B84: =MEDIDA!C6 -> 30 | D84: =MEDIDA!E6 -> 30 | F84: =MEDIDA!G6 -> 30 | H84: =MEDIDA!I6 -> 30 | J84: =MEDIDA!K6 -> 30 | L84: =MEDIDA!M6 -> 30 | N84: =MEDIDA!O6 -> 0 | P84: =INCERTIDUMBRE!L28 -> 0.94916872 | S84: =INCERTIDUMBRE!K28 -> 2.0042923
B85: =MEDIDA!C7 -> 60 | D85: =MEDIDA!E7 -> 60 | F85: =MEDIDA!G7 -> 60 | H85: =MEDIDA!I7 -> 60 | J85: =MEDIDA!K7 -> 60 | L85: =MEDIDA!M7 -> 60 | N85: =MEDIDA!O7 -> 0 | P85: =INCERTIDUMBRE!L29 -> 0.94916872 | S85: =INCERTIDUMBRE!K29 -> 2.0042923
B86: =MEDIDA!C8 -> 120 | D86: =MEDIDA!E8 -> 120 | F86: =MEDIDA!G8 -> 120 | H86: =MEDIDA!I8 -> 120 | J86: =MEDIDA!K8 -> 120 | L86: =MEDIDA!M8 -> 120 | N86: =MEDIDA!O8 -> 0 | P86: =INCERTIDUMBRE!L30 -> 0.94916872 | S86: =INCERTIDUMBRE!K30 -> 2.0042923
B87: =MEDIDA!C9 -> 240 | D87: =MEDIDA!E9 -> 240 | F87: =MEDIDA!G9 -> 240 | H87: =MEDIDA!I9 -> 240 | J87: =MEDIDA!K9 -> 240 | L87: =MEDIDA!M9 -> 240 | N87: =MEDIDA!O9 -> 0 | P87: =INCERTIDUMBRE!L31 -> 0.94916872 | S87: =INCERTIDUMBRE!K31 -> 2.0042923
B90: 8. INFORMACIÓN ADICIONAL
B92: Declaración de cumplimiento según: | I92: N/A
B93: Datos Suministrados por el cliente: | I93: N/A
B94: Comentarios: | I94: N/A
B95: Factor de conversión: | I95: N/A
B98: *** FIN DEL CERTIFICADO ***
