Workbook
Name Instrumento: '[1]R-LAB-127 DENSIDAD AIRE'!#REF!
Name Instrumento: '[1]R-LAB-127 DENSIDAD AIRE'!#REF!
Name Instrumento.: '[1]R-LAB-127 DENSIDAD AIRE'!#REF!
Name Instrumento.: '[1]R-LAB-127 DENSIDAD AIRE'!#REF!
Name N: #REF!
Name N: #REF!

Sheet INFORMACIÓN
A1: Datos del item | O1: En sitio ( instalaciones del cliente)
A2: Intrumento | B2: Marca | C2: Modelo | D2: Serie | E2: Ubicación | F2: Inventario | G2: Número de Certificado | H2: Fecha de Recepción | O2: Laboratorio BTMC
O4: BUEN ESTADO
O5: REGULAR ESTADO
A6: Datos de calibración | D6: Datos del cliente | O6: MAL ESTADO
A7: Lugar de calibración: | B7: En sitio ( instalaciones del cliente) | D7: Solicitante: | E7: HOSPITAL DE ALTA COMPLEJIDAD DEL MAGDALENA CENTRO
A8: Estado Físico: | B8: BUEN ESTADO | D8: Nit: | E8: 901.532.463-8
A9: Fecha de calibración: | B9: =H3 -> 0 | D9: Telefono: | E9: 3007835072
A10: Fecha de emisión: | B10: =H3 -> 0 | D10: Dirección: | E10: CARRERA 15 ENTRE CALLE 18 y 19
A11: Temperatura mínima: | B11: 24.1 | D11: Ciudad: | E11: LA DORADA - CALDAS
A12: Temperatura máxima: | B12: 24.5
A13: Humedad Mínima: | B13: 60
A14: Humedad Máxima: | B14: 63
A15: Calibración realiza por: | B15: ING. GABRIEL DURÁN

Sheet Redondeo
A1: DATO 1
A2: Dato | B2: Dato redondeado | C2: =FIXED(A3,6) -> 0,630920 | D2: =RIGHT(C2,1) -> 0 | E2: =D2/1000000 -> 0 | F2: =A3-E2 -> 0.63091998 | H2: =IF(C7=5,IF(AND(D3=0,D8=FALSE),J5,J6),J6) -> 0,6309
A3: =INCERTIDUMBRE!L5 -> 0.63091998 | B3: =IF(A3>=10,K37,IF(A3>=1,K29,IF(A3>=0.1,K21,IF(A3>=0.01,K13,IF(A3>=0.001,K5))))) -> 0,63 | C3: 6 decimal | D3: =D2+0 -> 0
C4: Extrae el ultimo digito | D4: extrael primer digito | E4: parte entera | F4: Parte decimal | G4: cantidad de decimales | H4: decimales en enteros | I4: restar ultimo numero | J4: Elimar ultimo digito | K4: Dato Final
C5: =RIGHT(F2,2) -> 94 | D5: =LEFT(C5,1) -> 9 | E5: =TRUNC(A3) -> 0 | F5: =FIXED(A3-E5,G5) -> 0,63091998228594 | G5: =ABS(E8-F8) -> 14 | H5: =RIGHT(A3,G5) -> 63091998228594 | I5: 5e-05 | J5: =(A3-I5) -> 0.63086998 | K5: =IF(C7=5,IF(AND(D3=0,D8=FALSE),J5,J6),J6) -> 0,6309
C6: =RIGHT(C5,1) -> 4 | D6: =D5+0 -> 9 | J6: =FIXED(A3,4) -> 0,6309
C7: =C6+0 -> 4 | D7: es impar? | E7: Largo dato original | F7: largo parte enetero y decimal
D8: =ISODD(D5) -> TRUE | E8: =LEN(A3) -> 16 | F8: =LEN(E5)+1 -> 2
A10: 4 Decimales
A11: =K5 -> 0,6309 | C11: =FIXED(A3,5) -> 0,63092 | D11: =RIGHT(C11,1) -> 2 | E11: =D11+0 -> 2
C12: Extrae el ultimo digito | D12: extrael primer digito | E12: parte entera | F12: Parte decimal | G12: cantidad de decimales | H12: decimales en enteros | I12: restar ultimo numero | J12: Elimar ultimo digito | K12: Dato Final
C13: =RIGHT(A11,2) -> 09 | D13: =LEFT(C13,1) -> 0 | E13: =TRUNC(A11) -> 0 | F13: =FIXED(A11-E13,G13) -> 0,6309 | G13: =ABS(E16-F16) -> 4 | H13: =RIGHT(A11,G13) -> 6309 | I13: 0.0005 | J13: =(A11-I13) -> 0.6304 | K13: =IF(C15=5,IF(AND(E11=0,D16=FALSE),J13,J14),J14) -> 0,631
C14: =RIGHT(C13,1) -> 9 | D14: =D13+0 -> 0 | J14: =FIXED(A11,3) -> 0,631
C15: =C14+0 -> 9 | D15: es impar? | E15: Largo dato original | F15: largo parte enetero y decimal
D16: =ISODD(D13) -> FALSE | E16: =LEN(A11) -> 6 | F16: =LEN(E13)+1 -> 2
A18: 3 Decimales
A19: =K13 -> 0,631 | C19: =FIXED(A11,4) -> 0,6309 | D19: =RIGHT(C19,1) -> 9 | E19: =D19+0 -> 9
C20: Extrae el ultimo digito | D20: extrael primer digito | E20: parte entera | F20: Parte decimal | G20: cantidad de decimales | H20: decimales en enteros | I20: restar ultimo numero | J20: Elimar ultimo digito | K20: Dato Final
C21: =RIGHT(A19,2) -> 31 | D21: =LEFT(C21,1) -> 3 | E21: =TRUNC(A19) -> 0 | F21: =FIXED(A19-E21,G21) -> 0,631 | G21: =ABS(E24-F24) -> 3 | H21: =RIGHT(A19,G21) -> 631 | I21: 0.005 | J21: =(A19-I21) -> 0.626 | K21: =IF(C23=5,IF(AND(E19=0,D24=FALSE),J21,J22),J22) -> 0,63
C22: =RIGHT(C21,1) -> 1 | D22: =D21+0 -> 3 | J22: =FIXED(A19,2) -> 0,63
C23: =C22+0 -> 1 | D23: es impar? | E23: Largo dato original | F23: largo parte enetero y decimal
D24: =ISODD(D21) -> TRUE | E24: =LEN(A19) -> 5 | F24: =LEN(E21)+1 -> 2
A26: 2 Decimales
A27: =K21 -> 0,63 | C27: =FIXED(A19,3) -> 0,631 | D27: =RIGHT(C27,1) -> 1 | E27: =D27+0 -> 1
C28: Extrae el ultimo digito | D28: extrael primer digito | E28: parte entera | F28: Parte decimal | G28: cantidad de decimales | H28: decimales en enteros | I28: restar ultimo numero | J28: Elimar ultimo digito | K28: Dato Final
C29: =RIGHT(A27,2) -> 63 | D29: =LEFT(C29,1) -> 6 | E29: =TRUNC(A27) -> 0 | F29: =FIXED(A27-E29,G29) -> 0,63 | G29: =ABS(E32-F32) -> 2 | H29: =RIGHT(A27,G29) -> 63 | I29: 0.05 | J29: =(A27-I29) -> 0.58 | K29: =IF(C31=5,IF(AND(E27=0,D32=FALSE),J29,J30),J30) -> 0,6
C30: =RIGHT(C29,1) -> 3 | D30: =D29+0 -> 6 | J30: =FIXED(A27,1) -> 0,6
C31: =C30+0 -> 3 | D31: es impar? | E31: Largo dato original | F31: largo parte enetero y decimal
D32: =ISODD(D29) -> FALSE | E32: =LEN(A27) -> 4 | F32: =LEN(E29)+1 -> 2
A34: 1 Decimales
A35: =K29 -> 0,6 | C35: =FIXED(A27,2) -> 0,63 | D35: =RIGHT(C35,1) -> 3 | E35: =D35+0 -> 3
C36: Extrae el ultimo digito | D36: extrael primer digito | E36: parte entera | F36: Parte decimal | G36: cantidad de decimales | H36: decimales en enteros | I36: restar ultimo numero | J36: Elimar ultimo digito | K36: Dato Final
C37: =RIGHT(A35,2) -> ,6 | D37: =RIGHT(E37,1) -> 0 | E37: =TRUNC(A35) -> 0 | F37: =FIXED(A35-E37,G37) -> 0,6 | G37: =ABS(E40-F40) -> 1 | H37: =RIGHT(A35,G37) -> 6 | I37: 0.5 | J37: =(A35-I37) -> 0.1 | K37: =IF(C39=5,IF(AND(E35=0,D40=FALSE),J37,J38),J38) -> 1
C38: =RIGHT(C37,1) -> 6 | D38: =D37+0 -> 0 | J38: =FIXED(A35,0) -> 1
C39: =C38+0 -> 6 | D39: es impar? | E39: Largo dato original | F39: largo parte enetero y decimal
D40: =ISODD(D37) -> FALSE | E40: =LEN(A35) -> 3 | F40: =LEN(E37)+1 -> 2
A41: DATO 2
A42: Dato | B42: Dato redondeado | C42: =FIXED(A43,6) -> #REF! | D42: =RIGHT(C42,1) -> #REF! | E42: =D42/1000000 -> #REF! | F42: =A43-E42 -> #REF! | H42: =IF(C47=5,IF(AND(D43=0,D48=FALSE),J45,J46),J46) -> #REF!
A43: =INCERTIDUMBRE!#REF! -> #REF! | B43: =IF(A43>=10,K77,IF(A43>=1,K69,IF(A43>=0.1,K61,IF(A43>=0.01,K53,IF(A43>=0.001,K45))))) -> #REF! | C43: 6 decimal | D43: =D42+0 -> #REF!
C44: Extrae el ultimo digito | D44: extrael primer digito | E44: parte entera | F44: Parte decimal | G44: cantidad de decimales | H44: decimales en enteros | I44: restar ultimo numero | J44: Elimar ultimo digito | K44: Dato Final
C45: =RIGHT(F42,2) -> #REF! | D45: =LEFT(C45,1) -> #REF! | E45: =TRUNC(A43) -> #REF! | F45: =FIXED(A43-E45,G45) -> #REF! | G45: =ABS(E48-F48) -> #REF! | H45: =RIGHT(A43,G45) -> #REF! | I45: 5e-05 | J45: =(A43-I45) -> #REF! | K45: =IF(C47=5,IF(AND(D43=0,D48=FALSE),J45,J46),J46) -> #REF!
C46: =RIGHT(C45,1) -> #REF! | D46: =D45+0 -> #REF! | J46: =FIXED(A43,4) -> #REF!
C47: =C46+0 -> #REF! | D47: es impar? | E47: Largo dato original | F47: largo parte enetero y decimal
D48: =ISODD(D45) -> #REF! | E48: =LEN(A43) -> #REF! | F48: =LEN(E45)+1 -> #REF!
A50: 4 Decimales
A51: =K45 -> #REF! | C51: =FIXED(A43,5) -> #REF! | D51: =RIGHT(C51,1) -> #REF! | E51: =D51+0 -> #REF!
C52: Extrae el ultimo digito | D52: extrael primer digito | E52: parte entera | F52: Parte decimal | G52: cantidad de decimales | H52: decimales en enteros | I52: restar ultimo numero | J52: Elimar ultimo digito | K52: Dato Final
C53: =RIGHT(A51,2) -> #REF! | D53: =LEFT(C53,1) -> #REF! | E53: =TRUNC(A51) -> #REF! | F53: =FIXED(A51-E53,G53) -> #REF! | G53: =ABS(E56-F56) -> #REF! | H53: =RIGHT(A51,G53) -> #REF! | I53: 0.0005 | J53: =(A51-I53) -> #REF! | K53: =IF(C55=5,IF(AND(E51=0,D56=FALSE),J53,J54),J54) -> #REF!
C54: =RIGHT(C53,1) -> #REF! | D54: =D53+0 -> #REF! | J54: =FIXED(A51,3) -> #REF!
C55: =C54+0 -> #REF! | D55: es impar? | E55: Largo dato original | F55: largo parte enetero y decimal
D56: =ISODD(D53) -> #REF! | E56: =LEN(A51) -> #REF! | F56: =LEN(E53)+1 -> #REF!
A58: 3 Decimales
A59: =K53 -> #REF! | C59: =FIXED(A51,4) -> #REF! | D59: =RIGHT(C59,1) -> #REF! | E59: =D59+0 -> #REF!
C60: Extrae el ultimo digito | D60: extrael primer digito | E60: parte entera | F60: Parte decimal | G60: cantidad de decimales | H60: decimales en enteros | I60: restar ultimo numero | J60: Elimar ultimo digito | K60: Dato Final
C61: =RIGHT(A59,2) -> #REF! | D61: =LEFT(C61,1) -> #REF! | E61: =TRUNC(A59) -> #REF! | F61: =FIXED(A59-E61,G61) -> #REF! | G61: =ABS(E64-F64) -> #REF! | H61: =RIGHT(A59,G61) -> #REF! | I61: 0.005 | J61: =(A59-I61) -> #REF! | K61: =IF(C63=5,IF(AND(E59=0,D64=FALSE),J61,J62),J62) -> #REF!
C62: =RIGHT(C61,1) -> #REF! | D62: =D61+0 -> #REF! | J62: =FIXED(A59,2) -> #REF!
C63: =C62+0 -> #REF! | D63: es impar? | E63: Largo dato original | F63: largo parte enetero y decimal
D64: =ISODD(D61) -> #REF! | E64: =LEN(A59) -> #REF! | F64: =LEN(E61)+1 -> #REF!
A66: 2 Decimales
A67: =K61 -> #REF! | C67: =FIXED(A59,3) -> #REF! | D67: =RIGHT(C67,1) -> #REF! | E67: =D67+0 -> #REF!
C68: Extrae el ultimo digito | D68: extrael primer digito | E68: parte entera | F68: Parte decimal | G68: cantidad de decimales | H68: decimales en enteros | I68: restar ultimo numero | J68: Elimar ultimo digito | K68: Dato Final
C69: =RIGHT(A67,2) -> #REF! | D69: =LEFT(C69,1) -> #REF! | E69: =TRUNC(A67) -> #REF! | F69: =FIXED(A67-E69,G69) -> #REF! | G69: =ABS(E72-F72) -> #REF! | H69: =RIGHT(A67,G69) -> #REF! | I69: 0.05 | J69: =(A67-I69) -> #REF! | K69: =IF(C71=5,IF(AND(E67=0,D72=FALSE),J69,J70),J70) -> #REF!
C70: =RIGHT(C69,1) -> #REF! | D70: =D69+0 -> #REF! | J70: =FIXED(A67,1) -> #REF!
C71: =C70+0 -> #REF! | D71: es impar? | E71: Largo dato original | F71: largo parte enetero y decimal
D72: =ISODD(D69) -> #REF! | E72: =LEN(A67) -> #REF! | F72: =LEN(E69)+1 -> #REF!
A74: 1 Decimales
A75: =K69 -> #REF! | C75: =FIXED(A67,2) -> #REF! | D75: =RIGHT(C75,1) -> #REF! | E75: =D75+0 -> #REF!
C76: Extrae el ultimo digito | D76: extrael primer digito | E76: parte entera | F76: Parte decimal | G76: cantidad de decimales | H76: decimales en enteros | I76: restar ultimo numero | J76: Elimar ultimo digito | K76: Dato Final
C77: =RIGHT(A75,2) -> #REF! | D77: =RIGHT(E77,1) -> #REF! | E77: =TRUNC(A75) -> #REF! | F77: =FIXED(A75-E77,G77) -> #REF! | G77: =ABS(E80-F80) -> #REF! | H77: =RIGHT(A75,G77) -> #REF! | I77: 0.5 | J77: =(A75-I77) -> #REF! | K77: =IF(C79=5,IF(AND(E75=0,D80=FALSE),J77,J78),J78) -> #REF!
C78: =RIGHT(C77,1) -> #REF! | D78: =D77+0 -> #REF! | J78: =FIXED(A75,0) -> #REF!
C79: =C78+0 -> #REF! | D79: es impar? | E79: Largo dato original | F79: largo parte enetero y decimal
D80: =ISODD(D77) -> #REF! | E80: =LEN(A75) -> #REF! | F80: =LEN(E77)+1 -> #REF!
A81: DATO 3
A82: Dato | B82: Dato redondeado | C82: =FIXED(A83,6) -> 0,663034 | D82: =RIGHT(C82,1) -> 4 | E82: =D82/1000000 -> 4e-06 | F82: =A83-E82 -> 0.66303034 | H82: =IF(C87=5,IF(AND(D83=0,D88=FALSE),J85,J86),J86) -> 0,6630
A83: =INCERTIDUMBRE!L6 -> 0.66303434 | B83: =IF(A83>=10,K117,IF(A83>=1,K109,IF(A83>=0.1,K101,IF(A83>=0.01,K93,IF(A83>=0.001,K85))))) -> 0,66 | C83: 6 decimal | D83: =D82+0 -> 4
C84: Extrae el ultimo digito | D84: extrael primer digito | E84: parte entera | F84: Parte decimal | G84: cantidad de decimales | H84: decimales en enteros | I84: restar ultimo numero | J84: Elimar ultimo digito | K84: Dato Final
C85: =RIGHT(F82,2) -> 17 | D85: =LEFT(C85,1) -> 1 | E85: =TRUNC(A83) -> 0 | F85: =FIXED(A83-E85,G85) -> 0,663034338747317 | G85: =ABS(E88-F88) -> 15 | H85: =RIGHT(A83,G85) -> 663034338747317 | I85: 5e-05 | J85: =(A83-I85) -> 0.66298434 | K85: =IF(C87=5,IF(AND(D83=0,D88=FALSE),J85,J86),J86) -> 0,6630
C86: =RIGHT(C85,1) -> 7 | D86: =D85+0 -> 1 | J86: =FIXED(A83,4) -> 0,6630
C87: =C86+0 -> 7 | D87: es impar? | E87: Largo dato original | F87: largo parte enetero y decimal
D88: =ISODD(D85) -> TRUE | E88: =LEN(A83) -> 17 | F88: =LEN(E85)+1 -> 2
A90: 4 Decimales
A91: =K85 -> 0,6630 | C91: =FIXED(A83,5) -> 0,66303 | D91: =RIGHT(C91,1) -> 3 | E91: =D91+0 -> 3
C92: Extrae el ultimo digito | D92: extrael primer digito | E92: parte entera | F92: Parte decimal | G92: cantidad de decimales | H92: decimales en enteros | I92: restar ultimo numero | J92: Elimar ultimo digito | K92: Dato Final
C93: =RIGHT(A91,2) -> 30 | D93: =LEFT(C93,1) -> 3 | E93: =TRUNC(A91) -> 0 | F93: =FIXED(A91-E93,G93) -> 0,6630 | G93: =ABS(E96-F96) -> 4 | H93: =RIGHT(A91,G93) -> 6630 | I93: 0.0005 | J93: =(A91-I93) -> 0.6625 | K93: =IF(C95=5,IF(AND(E91=0,D96=FALSE),J93,J94),J94) -> 0,663
C94: =RIGHT(C93,1) -> 0 | D94: =D93+0 -> 3 | J94: =FIXED(A91,3) -> 0,663
C95: =C94+0 -> 0 | D95: es impar? | E95: Largo dato original | F95: largo parte enetero y decimal
D96: =ISODD(D93) -> TRUE | E96: =LEN(A91) -> 6 | F96: =LEN(E93)+1 -> 2
A98: 3 Decimales
A99: =K93 -> 0,663 | C99: =FIXED(A91,4) -> 0,6630 | D99: =RIGHT(C99,1) -> 0 | E99: =D99+0 -> 0
C100: Extrae el ultimo digito | D100: extrael primer digito | E100: parte entera | F100: Parte decimal | G100: cantidad de decimales | H100: decimales en enteros | I100: restar ultimo numero | J100: Elimar ultimo digito | K100: Dato Final
C101: =RIGHT(A99,2) -> 63 | D101: =LEFT(C101,1) -> 6 | E101: =TRUNC(A99) -> 0 | F101: =FIXED(A99-E101,G101) -> 0,663 | G101: =ABS(E104-F104) -> 3 | H101: =RIGHT(A99,G101) -> 663 | I101: 0.005 | J101: =(A99-I101) -> 0.658 | K101: =IF(C103=5,IF(AND(E99=0,D104=FALSE),J101,J102),J102) -> 0,66
C102: =RIGHT(C101,1) -> 3 | D102: =D101+0 -> 6 | J102: =FIXED(A99,2) -> 0,66
C103: =C102+0 -> 3 | D103: es impar? | E103: Largo dato original | F103: largo parte enetero y decimal
D104: =ISODD(D101) -> FALSE | E104: =LEN(A99) -> 5 | F104: =LEN(E101)+1 -> 2
A106: 2 Decimales
A107: =K101 -> 0,66 | C107: =FIXED(A99,3) -> 0,663 | D107: =RIGHT(C107,1) -> 3 | E107: =D107+0 -> 3
C108: Extrae el ultimo digito | D108: extrael primer digito | E108: parte entera | F108: Parte decimal | G108: cantidad de decimales | H108: decimales en enteros | I108: restar ultimo numero | J108: Elimar ultimo digito | K108: Dato Final
C109: =RIGHT(A107,2) -> 66 | D109: =LEFT(C109,1) -> 6 | E109: =TRUNC(A107) -> 0 | F109: =FIXED(A107-E109,G109) -> 0,66 | G109: =ABS(E112-F112) -> 2 | H109: =RIGHT(A107,G109) -> 66 | I109: 0.05 | J109: =(A107-I109) -> 0.61 | K109: =IF(C111=5,IF(AND(E107=0,D112=FALSE),J109,J110),J110) -> 0,7
C110: =RIGHT(C109,1) -> 6 | D110: =D109+0 -> 6 | J110: =FIXED(A107,1) -> 0,7
C111: =C110+0 -> 6 | D111: es impar? | E111: Largo dato original | F111: largo parte enetero y decimal
...

Sheet MEDIDA
B3: CALIBRACIÓN DE VOLTAJE | T3: TIEMPO DE EXPOSICIÓN
B4: Equipo bajo prueba | D4: Medidas del equipo patrón | T4: Equipo bajo prueba | V4: Medidas del equipo patrón
D5: Lectura 1 | F5: Lectura 2 | H5: Lectura 3 | J5: Lectura 4 | L5: Promedio | N5: Error | V5: Lectura 1 | X5: Lectura 2 | Z5: Lectura 3 | AB5: Lectura 4 | AD5: Promedio
B6: 50 | D6: 51 | F6: =D6+((RAND()*(0.3-0.1)+0.1)*RANDBETWEEN(-1,1)) -> 51.231122 | H6: =D6+((RAND()*(0.3-0.1)+0.1)*RANDBETWEEN(-1,1)) -> 51 | J6: =D6+((RAND()*(0.3-0.1)+0.1)*RANDBETWEEN(-1,1)) -> 51 | L6: =AVERAGE(D6:K6) -> 51.057781 | N6: =B6-L6 -> -1.0577806 | T6: 50 | V6: 19 | X6: =V6+((RAND()*(0.9-0.1)+0.7)*RANDBETWEEN(-1,1)) -> 19.786881 | Z6: =V6+((RAND()*(0.9-0.1)+0.7)*RANDBETWEEN(-1,1)) -> 19.798918 | AB6: =V6+((RAND()*(0.9-0.1)+0.7)*RANDBETWEEN(-1,1)) -> 19.976287 | AD6: =AVERAGE(V6:AC6) -> 19.640522
B7: 100 | D7: 100.3 | F7: =D7+((RAND()*(0.3-0.1)+0.1)*RANDBETWEEN(-1,1)) -> 100.3 | H7: =D7+((RAND()*(0.3-0.1)+0.1)*RANDBETWEEN(-1,1)) -> 100.46652 | J7: =D7+((RAND()*(0.3-0.1)+0.1)*RANDBETWEEN(-1,1)) -> 100.41047 | L7: =AVERAGE(D7:K7) -> 100.36925 | N7: =B7-L7 -> -0.36924695 | T7: 100 | V7: 102 | X7: =V7+((RAND()*(0.9-0.1)+0.7)*RANDBETWEEN(-1,1)) -> 101.18074 | Z7: =V7+((RAND()*(0.9-0.1)+0.7)*RANDBETWEEN(-1,1)) -> 103.27739 | AB7: =V7+((RAND()*(0.9-0.1)+0.7)*RANDBETWEEN(-1,1)) -> 100.86051 | AD7: =AVERAGE(V7:AC7) -> 101.82966
B8: 125 | D8: 123.5 | F8: =D8+((RAND()*(0.3-0.1)+0.1)*RANDBETWEEN(-1,1)) -> 123.5 | H8: =D8+((RAND()*(0.3-0.1)+0.1)*RANDBETWEEN(-1,1)) -> 123.26094 | J8: =D8+((RAND()*(0.3-0.1)+0.1)*RANDBETWEEN(-1,1)) -> 123.77932 | L8: =AVERAGE(D8:K8) -> 123.51007 | N8: =B8-L8 -> 1.4899349 | T8: 125 | V8: 343 | X8: =V8+((RAND()*(0.9-0.1)+0.7)*RANDBETWEEN(-1,1)) -> 341.63066 | Z8: =V8+((RAND()*(0.9-0.1)+0.7)*RANDBETWEEN(-1,1)) -> 341.73412 | AB8: =V8+((RAND()*(0.9-0.1)+0.7)*RANDBETWEEN(-1,1)) -> 342.1648 | AD8: =AVERAGE(V8:AC8) -> 342.1324
B11: CALIBRACIÓN DE DOSIMETRÍA | T11: HVL
B12: Equipo bajo prueba | D12: Medidas del equipo patrón | T12: Equipo bajo prueba | V12: Medidas del equipo patrón
D13: Lectura 1 | F13: Lectura 2 | H13: Lectura 3 | J13: Lectura 4 | L13: Promedio | V13: Lectura 1 | X13: Lectura 2 | Z13: Lectura 3 | AB13: Lectura 4 | AD13: Promedio
B14: 50 | D14: 1.54 | F14: =D14+((RAND()*(0.3-0.1)+0.1)*RANDBETWEEN(-1,1)) -> 1.6951216 | H14: =D14+((RAND()*(0.3-0.1)+0.1)*RANDBETWEEN(-1,1)) -> 1.3925603 | J14: =D14+((RAND()*(0.3-0.1)+0.1)*RANDBETWEEN(-1,1)) -> 1.8274477 | L14: =AVERAGE(D14:K14) -> 1.6137824 | T14: 50 | V14: 2.3 | X14: =V14+((RAND()*(0.2-0.1)+0.1)*RANDBETWEEN(-1,1)) -> 2.4677066 | Z14: =V14+((RAND()*(0.2-0.1)+0.1)*RANDBETWEEN(-1,1)) -> 2.4394102 | AB14: =V14+((RAND()*(0.2-0.1)+0.1)*RANDBETWEEN(-1,1)) -> 2.4733624 | AD14: =AVERAGE(V14:AC14) -> 2.4201198
B15: 100 | D15: 16.76 | F15: =D15+((RAND()*(0.3-0.1)+0.1)*RANDBETWEEN(-1,1)) -> 16.478976 | H15: =D15+((RAND()*(0.3-0.1)+0.1)*RANDBETWEEN(-1,1)) -> 16.541168 | J15: =D15+((RAND()*(0.3-0.1)+0.1)*RANDBETWEEN(-1,1)) -> 16.932756 | L15: =AVERAGE(D15:K15) -> 16.678225 | T15: 100 | V15: 4.6 | X15: =V15+((RAND()*(0.2-0.1)+0.1)*RANDBETWEEN(-1,1)) -> 4.4856779 | Z15: =V15+((RAND()*(0.2-0.1)+0.1)*RANDBETWEEN(-1,1)) -> 4.7849559 | AB15: =V15+((RAND()*(0.2-0.1)+0.1)*RANDBETWEEN(-1,1)) -> 4.7022447 | AD15: =AVERAGE(V15:AC15) -> 4.6432196
B16: 125 | D16: 23.21 | F16: =D16+((RAND()*(0.3-0.1)+0.1)*RANDBETWEEN(-1,1)) -> 22.939979 | H16: =D16+((RAND()*(0.3-0.1)+0.1)*RANDBETWEEN(-1,1)) -> 23.21 | J16: =D16+((RAND()*(0.3-0.1)+0.1)*RANDBETWEEN(-1,1)) -> 23.384549 | L16: =AVERAGE(D16:K16) -> 23.186132 | T16: 125 | V16: 6 | X16: =V16+((RAND()*(0.2-0.1)+0.1)*RANDBETWEEN(-1,1)) -> 6 | Z16: =V16+((RAND()*(0.2-0.1)+0.1)*RANDBETWEEN(-1,1)) -> 5.8948781 | AB16: =V16+((RAND()*(0.2-0.1)+0.1)*RANDBETWEEN(-1,1)) -> 6 | AD16: =AVERAGE(V16:AC16) -> 5.9737195
B19: TASA DE DOSIMETRIA
B20: Equipo bajo prueba | D20: Medidas del equipo patrón
D21: Lectura 1 | F21: Lectura 2 | H21: Lectura 3 | J21: Lectura 4 | L21: Promedio
B22: 50 | D22: 23.2 | F22: =D22+((RAND()*(0.3-0.1)+0.1)*RANDBETWEEN(-1,1)) -> 23.2 | H22: =D22+((RAND()*(0.3-0.1)+0.1)*RANDBETWEEN(-1,1)) -> 23.383456 | J22: =D22+((RAND()*(0.3-0.1)+0.1)*RANDBETWEEN(-1,1)) -> 23.2 | L22: =AVERAGE(D22:K22) -> 23.245864
B23: 100 | D23: 67.8 | F23: =D23+((RAND()*(0.3-0.1)+0.1)*RANDBETWEEN(-1,1)) -> 68.035045 | H23: =D23+((RAND()*(0.3-0.1)+0.1)*RANDBETWEEN(-1,1)) -> 67.613521 | J23: =D23+((RAND()*(0.3-0.1)+0.1)*RANDBETWEEN(-1,1)) -> 67.673581 | L23: =AVERAGE(D23:K23) -> 67.780537
B24: 125 | D24: 31.2 | F24: =D24+((RAND()*(0.3-0.1)+0.1)*RANDBETWEEN(-1,1)) -> 31.475956 | H24: =D24+((RAND()*(0.3-0.1)+0.1)*RANDBETWEEN(-1,1)) -> 31.329094 | J24: =D24+((RAND()*(0.3-0.1)+0.1)*RANDBETWEEN(-1,1)) -> 31.494714 | L24: =AVERAGE(D24:K24) -> 31.374941

Sheet PATRON
C2: Volumen
C3: Nominal | D3: Medido | E3: Corrección | F3: k | G3: Correcion estimada | H3: Residuales | I3: N-M-1 | J3: u interpolación
C4: 99.6 | D4: 106.2 | E4: =C4-D4 -> -6.6 | F4: 2 | G4: =J$13*D4-J$14 -> -6.6 | H4: =E4-G4 -> 0 | I4: =2-2-1 -> -1 | J4: 0
C5: 1000 | D5: 1042 | E5: =C5-D5 -> -42 | F5: 2 | G5: =J$13*D5-J$14 -> -42 | H5: =E5-G5 -> 0
J13: -0.037828596
J14: 2.5826031
B34: EQUIPO PATRÓN
B35: Equipo patrón: | G35: Analizador de flujo de gases
B36: Marca: | G36: TSI
B37: Modelo: | G37: 4070
B38: Serie: | G38: 40712037006
B39: Fecha de Calibración: | G39: 44970
B40: No. Certificado: | G40: L4012
B41: Incertidumbre flujo: | G41: 0.027
B42: Deriva flujo | G42: 0.2
B43: Resolución flujo | G43: 0.001
B44: Factor de cobertura K: | G44: 2

Sheet INCERTIDUMBRE
B2: FUENTES DE INCERTIDUMBRE VOLUMEN
B3: Punto de calibración | C3: Cert de calibración | D3: Deriva | E3: Interpolación | F3: Resolución item | G3: Resolución patrón | H3: Repetibilidad | I3: Incertidumbre combinada | J3: Veff | K3: Factor de cobertura (k) | L3: Incertidumbre Expandida
B4: =MEDIDA!B6 -> 50 | C4: =PATRON!G$41/2 -> 0.0135 | D4: =PATRON!G$42/SQRT(3) -> 0.11547005 | E4: 0 | F4: =1/SQRT(12) -> 0.28867513 | G4: =PATRON!G$43/SQRT(12) -> 0.00028867513 | H4: =STDEVA(MEDIDA!D6:K6)/SQRT(4) -> 0.057780611 | I4: =SQRT(SUMSQ(C4:H4)) -> 0.31652425 | J4: =I4^4/(C4^4/200+D4^4/200+E4^4/200+F4^4/200+G4^4/200+H4^4/3) -> 255.23517 | K4: =TINV(0.0455,J4) -> 2.0098537 | L4: =I4*K4 -> 0.63616742
B5: =MEDIDA!B7 -> 100 | C5: =PATRON!G$41/2 -> 0.0135 | D5: =PATRON!G$42/SQRT(3) -> 0.11547005 | E5: 0 | F5: =1/SQRT(12) -> 0.28867513 | G5: =PATRON!G$43/SQRT(12) -> 0.00028867513 | H5: =STDEVA(MEDIDA!D7:K7)/SQRT(4) -> 0.041584247 | I5: =SQRT(SUMSQ(C5:H5)) -> 0.31397173 | J5: =I5^4/(C5^4/200+D5^4/200+E5^4/200+F5^4/200+G5^4/200+H5^4/3) -> 265.45179 | K5: =TINV(0.0455,J5) -> 2.0094802 | L5: =I5*K5 -> 0.63091998
B6: =MEDIDA!B8 -> 125 | C6: =PATRON!G$41/2 -> 0.0135 | D6: =PATRON!G$42/SQRT(3) -> 0.11547005 | E6: 0 | F6: =1/SQRT(12) -> 0.28867513 | G6: =PATRON!G$43/SQRT(12) -> 0.00028867513 | H6: =STDEVA(MEDIDA!D8:K8)/SQRT(4) -> 0.10597454 | I6: =SQRT(SUMSQ(C6:H6)) -> 0.32875462 | J6: =I6^4/(C6^4/200+D6^4/200+E6^4/200+F6^4/200+G6^4/200+H6^4/3) -> 150.42738 | K6: =TINV(0.0455,J6) -> 2.0168061 | L6: =I6*K6 -> 0.66303434
B7: =MEDIDA!#REF! -> #REF! | C7: =PATRON!G$41/2 -> 0.0135 | D7: =PATRON!G$42/SQRT(3) -> 0.11547005 | E7: 0 | F7: =1/SQRT(12) -> 0.28867513 | G7: =PATRON!G$43/SQRT(12) -> 0.00028867513 | H7: =STDEVA(MEDIDA!#REF!)/SQRT(4) -> #REF! | I7: =SQRT(SUMSQ(C7:H7)) -> #REF! | J7: =I7^4/(C7^4/200+D7^4/200+E7^4/200+F7^4/200+G7^4/200+H7^4/3) -> #REF! | K7: =TINV(0.0455,J7) -> #REF! | L7: =I7*K7 -> #REF!
B8: =MEDIDA!#REF! -> #REF! | C8: =PATRON!G$41/2 -> 0.0135 | D8: =PATRON!G$42/SQRT(3) -> 0.11547005 | E8: 0 | F8: =1/SQRT(12) -> 0.28867513 | G8: =PATRON!G$43/SQRT(12) -> 0.00028867513 | H8: =STDEVA(MEDIDA!#REF!)/SQRT(4) -> #REF! | I8: =SQRT(SUMSQ(C8:H8)) -> #REF! | J8: =I8^4/(C8^4/200+D8^4/200+E8^4/200+F8^4/200+G8^4/200+H8^4/3) -> #REF! | K8: =TINV(0.0455,J8) -> #REF! | L8: =I8*K8 -> #REF!

Sheet CERTIFICADO 
O1: CERTIFICADO N°: | R1: =INFORMACIÓN!G3 -> 0
C3: 1. EQUIPO BAJO PRUEBA
C5: INSTRUMENTO: | I5: =INFORMACIÓN!A3 -> 0
C6: MARCA: | I6: =INFORMACIÓN!B3 -> 0
C7: MODELO: | I7: =INFORMACIÓN!C3 -> 0
C8: SERIE: | I8: =INFORMACIÓN!D3 -> 0
C9: CÓDIGO INTERNO: | I9: =INFORMACIÓN!F3 -> 0
C10: UBICACIÓN: | I10: =INFORMACIÓN!E3 -> 0
C11: ESTADO FÍSICO: | I11: =INFORMACIÓN!B8 -> BUEN ESTADO
C12: FECHA DE RECEPCIÓN: | I12: =INFORMACIÓN!H3 -> 0
C13: FECHA DE CALIBRACIÓN: | I13: =INFORMACIÓN!B9 -> 0
C15: 2. DATOS DEL CLIENTE
C17: NOMBRE: | I17: =INFORMACIÓN!E7 -> HOSPITAL DE ALTA COMPLEJIDAD DEL MAGDALENA CENTRO
C18: NIT: | I18: =INFORMACIÓN!E8 -> 901.532.463-8
C19: TELÉFONO: | I19: =INFORMACIÓN!E9 -> 3007835072
C20: DIRECCIÓN: | I20: =INFORMACIÓN!E10 -> CARRERA 15 ENTRE CALLE 18 y 19
C21: CIUDAD: | I21: =INFORMACIÓN!E11 -> LA DORADA - CALDAS
C23: Este certificado expresa fielmente el resultado de las mediciones realizadas; no podrá ser reproducido total o parcialmente excepto cuando se haya obtenido permiso por escrito de BTM COLOMBIA ZOMAC S.A.S y se debe reproducir en su totalidad, para proporcionar seguridad de que el certificado no sea sacado de contexto. Los resultados que se encuentran en este certificado se refieren al momento y condiciones en que se realizaron las mediciones, BTM COLOMBIA ZOMAC S.A.S no se responsabiliza de los daños que puedan ser causados por el uso inadecuado de los equipos calibrados. El usuario es responsable de la calibración de sus instrumentos a intervalos apropiados. El laboratorio no se hace responsable por cómo la información suministrada por el cliente afecte los resultados de medición.
C31: REVISÓ Y AUTORIZÓ: | I31: CALIBRADO POR: | M31: =INFORMACIÓN!B15 -> ING. GABRIEL DURÁN
I32: FECHA DE EMISIÓN: | M32: =INFORMACIÓN!B10 -> 0
I33: NÚMERO DE PÁGINAS: | M33: 4
C36: ING. JOHAN SEBASTIÁN PÉREZ
C37: DIRECTOR DE LABORATORIO
O38: =O1 -> CERTIFICADO N°: | R38: =R1 -> 0
B40: 3. CONDICIONES AMBIENTALES
B41: El laboratorio de metrología BTM COLOMBIA ZOMAC S.A.S registra las condiciones ambientales (Humedad y Temperatura) tomando los máximos y mínimos alcanzados durante el tiempo en que se ejecuta la calibración. A continuación se presenta el promedio y la variación resultante.
F45: TEMPERATURA AMBIENTE (°C) | K45: HUMEDAD RELATIVA (%HR)
F46: =AVERAGE(INFORMACIÓN!B11:B12) -> 24.3 | H46: ± | I46: =ABS(INFORMACIÓN!B11-INFORMACIÓN!B12) -> 0.4 | K46: =AVERAGE(INFORMACIÓN!B13:B14) -> 61.5 | M46: ± | N46: =ABS(INFORMACIÓN!B13-INFORMACIÓN!B14) -> 3
F48: La calibración fue realizada en: | K48: En sitio (instalaciones del cliente)
B50: 4. INCERTIDUMBRE DE MEDICIÓN
B51: La incertidumbre expandida de la medición reportada se establece como la incertidumbre estándar de medición multiplicada por el factor de cobertura “k” y la probabilidad de cobertura, la cual debe ser aproximada al 95% y no menor a este valor. La incertidumbre de medición ha sido estimada con un nivel de confianza del 95,45% empleando una distribución t de student. Cuando se hace declaración de cumplimiento, el laboratorio hace referencia a las especificaciones del fabricante, norma o requisitos declarados por el cliente. La regla de decisión aplicada en estos casos será |Error| +U ≤ EMP según la ASME B89 7.3.1, si cumple la anterior condición la medición se toma como conforme y registrará un pasa, en caso contrario se registrará falla. La probabilidad de dar una aceptación falsa o un rechazo falso no lo determina el laboratorio, sin embargo se puede calcular de acuerdo a la guía JCGM 106:2012 según su numeral 8.
B60: 5. PROCEDIMIENTO DE CALIBRACIÓN
B61: La calibración se ejecutó mediante el método de comparación directa con patrón de referencia de acuerdo con el procedimiento interno para Rayos X BTM-P-060.
B64: 6. TRAZABILIDAD
B65: El laboratorio BTM COLOMBIA ZOMAC S.A.S establece la trazabilidad metrológica de sus mediciones al sistema internacional de unidades (SI), por medio de una cadena documentada de calibraciones, las cuales se encuentran referenciadas a patrones de medidas primarios. Esta vinculación se logra a través del uso de patrones calibrados por institutos nacionales de metrología (INM) y por laboratorios acreditados por parte de un organismo de acreditación.
B70: PATRÓN | H70: SERIE | M70: CALIBRACIÓN | P70: CERTIFICADO
B71: Analizador de rayos X | H71: 30007226 | M71: 45808 | P71: o10203823i30007226-A-1
O76: =O1 -> CERTIFICADO N°: | R76: =R1 -> 0
B78: 7. RESULTADOS DE LA CALIBRACIÓN
B80: Calibración de voltaje | I80: Intervalo de medición (kVp): | N80: 50 a 125 | P80: Resolución (kVp): | S80: 1
B82: Equipo bajo prueba (kVp) | D82: Medidas del equipo patrón | L82: *kVp= Kilovoltios pico
D83: Lectura 1 (kVp) | F83: Lectura 2 (kVp) | H83: Lectura 3 (kVp) | J83: Lectura 4 (kVp) | L83: Promedio (kVp) | N83: Error (kVp) | P83: Incertidumbre Expandida ± | S83: k
B84: =MEDIDA!B6 -> 50 | D84: =MEDIDA!D6 -> 51 | F84: =MEDIDA!F6 -> 51.231122 | H84: =MEDIDA!H6 -> 51 | J84: =MEDIDA!J6 -> 51 | L84: =MEDIDA!L6 -> 51.057781 | N84: =MEDIDA!N6 -> -1.0577806 | P84: 0,6 % | S84: =INCERTIDUMBRE!K4 -> 2.0098537
B85: =MEDIDA!B7 -> 100 | D85: =MEDIDA!D7 -> 100.3 | F85: =MEDIDA!F7 -> 100.3 | H85: =MEDIDA!H7 -> 100.46652 | J85: =MEDIDA!J7 -> 100.41047 | L85: =MEDIDA!L7 -> 100.36925 | N85: =MEDIDA!N7 -> -0.36924695 | P85: 0,6 % | S85: =INCERTIDUMBRE!K5 -> 2.0094802
B86: =MEDIDA!B8 -> 125 | D86: =MEDIDA!D8 -> 123.5 | F86: =MEDIDA!F8 -> 123.5 | H86: =MEDIDA!H8 -> 123.26094 | J86: =MEDIDA!J8 -> 123.77932 | L86: =MEDIDA!L8 -> 123.51007 | N86: =MEDIDA!N8 -> 1.4899349 | P86: 0,6 % | S86: =INCERTIDUMBRE!K6 -> 2.0168061
B89: Calibración de dosimetria | I89: Intervalo de medición (mGy): | N89: N.A | P89: Resolución (mGy): | S89: N.A
B91: Equipo bajo prueba (kVp) | D91: Medidas del equipo patrón
D92: Lectura 1 (mGy) | F92: Lectura 2 (mGy) | H92: Lectura 3 (mGy) | J92: Lectura 4 (mGy) | L92: Promedio (mGy) | N92: Incertidumbre Expandida ± | Q92: k
B93: =MEDIDA!B14 -> 50 | D93: =MEDIDA!D14 -> 1.54 | F93: =MEDIDA!F14 -> 1.6951216 | H93: =MEDIDA!H14 -> 1.3925603 | J93: =MEDIDA!J14 -> 1.8274477 | L93: =MEDIDA!L14 -> 1.6137824 | N93: 1,5 % | Q93: =INCERTIDUMBRE!K13 -> 0
B94: =MEDIDA!B15 -> 100 | D94: =MEDIDA!D15 -> 16.76 | F94: =MEDIDA!F15 -> 16.478976 | H94: =MEDIDA!H15 -> 16.541168 | J94: =MEDIDA!J15 -> 16.932756 | L94: =MEDIDA!L15 -> 16.678225 | N94: 1,5 % | Q94: =INCERTIDUMBRE!K14 -> 0
B95: =MEDIDA!B16 -> 125 | D95: =MEDIDA!D16 -> 23.21 | F95: =MEDIDA!F16 -> 22.939979 | H95: =MEDIDA!H16 -> 23.21 | J95: =MEDIDA!J16 -> 23.384549 | L95: =MEDIDA!L16 -> 23.186132 | N95: 1,5 % | Q95: =INCERTIDUMBRE!K15 -> 0
B98: Calibración tasa de dosimetría | I98: Intervalo de medición (mGy/s): | N98: N.A | P98: Resolución (mGy/s): | S98: N.A
B100: Equipo bajo prueba (kVp) | D100: Medidas del equipo patrón
D101: Lectura 1 (mGy/s) | F101: Lectura 2 (mGy/s) | H101: Lectura 3 (mGy/s) | J101: Lectura 4 (mGy/s) | L101: Promedio (mGy/s) | N101: Incertidumbre Expandida ± | Q101: k
B102: =MEDIDA!B22 -> 50 | D102: =MEDIDA!D22 -> 23.2 | F102: =MEDIDA!F22 -> 23.2 | H102: =MEDIDA!H22 -> 23.383456 | J102: =MEDIDA!J22 -> 23.2 | L102: =MEDIDA!L22 -> 23.245864 | N102: 1,5 % | Q102: =INCERTIDUMBRE!K22 -> 0
B103: =MEDIDA!B23 -> 100 | D103: =MEDIDA!D23 -> 67.8 | F103: =MEDIDA!F23 -> 68.035045 | H103: =MEDIDA!H23 -> 67.613521 | J103: =MEDIDA!J23 -> 67.673581 | L103: =MEDIDA!L23 -> 67.780537 | N103: 1,5 % | Q103: =INCERTIDUMBRE!K23 -> 0
B104: =MEDIDA!B24 -> 125 | D104: =MEDIDA!D24 -> 31.2 | F104: =MEDIDA!F24 -> 31.475956 | H104: =MEDIDA!H24 -> 31.329094 | J104: =MEDIDA!J24 -> 31.494714 | L104: =MEDIDA!L24 -> 31.374941 | N104: 1,5 % | Q104: =INCERTIDUMBRE!K24 -> 0
O110: =O76 -> CERTIFICADO N°: | R110: =R76 -> 0
B112: Calibración tiempo de exposición | I112: Intervalo de medición (ms): | N112: N.A | P112: Resolución (ms): | S112: N.A
B114: Equipo bajo prueba (kVp) | D114: Medidas del equipo patrón
D115: Lectura 1 (ms) | F115: Lectura 2 (m/s) | H115: Lectura 3 (ms) | J115: Lectura 4 (ms) | L115: Promedio (ms) | N115: Incertidumbre Expandida ± | Q115: k
B116: =MEDIDA!T6 -> 50 | D116: =MEDIDA!V6 -> 19 | F116: =MEDIDA!X6 -> 19.786881 | H116: =MEDIDA!Z6 -> 19.798918 | J116: =MEDIDA!AB6 -> 19.976287 | L116: =MEDIDA!AD6 -> 19.640522 | N116: 0,4 % | Q116: =INCERTIDUMBRE!K36 -> 0
B117: =MEDIDA!T7 -> 100 | D117: =MEDIDA!V7 -> 102 | F117: =MEDIDA!X7 -> 101.18074 | H117: =MEDIDA!Z7 -> 103.27739 | J117: =MEDIDA!AB7 -> 100.86051 | L117: =MEDIDA!AD7 -> 101.82966 | N117: 0,4 % | Q117: =INCERTIDUMBRE!K37 -> 0
B118: =MEDIDA!T8 -> 125 | D118: =MEDIDA!V8 -> 343 | F118: =MEDIDA!X8 -> 341.63066 | H118: =MEDIDA!Z8 -> 341.73412 | J118: =MEDIDA!AB8 -> 342.1648 | L118: =MEDIDA!AD8 -> 342.1324 | N118: 0,4 % | Q118: =INCERTIDUMBRE!K38 -> 0
B121: Calibración de HVL | I121: Intervalo de medición (mmAl): | N121: N.A | P121: Resolución (mmAl): | S121: N.A
B123: Equipo bajo prueba (kVp) | D123: Medidas del equipo patrón
D124: Lectura 1 (mmAl) | F124: Lectura 2 (mmAl) | H124: Lectura 3 (mmAl) | J124: Lectura 4 (mmAl) | L124: Promedio (mmAl) | N124: Incertidumbre Expandida ± | Q124: k
B125: =MEDIDA!T14 -> 50 | D125: =MEDIDA!V14 -> 2.3 | F125: =MEDIDA!X14 -> 2.4677066 | H125: =MEDIDA!Z14 -> 2.4394102 | J125: =MEDIDA!AB14 -> 2.4733624 | L125: =MEDIDA!AD14 -> 2.4201198 | N125: 0,3 % | Q125: =INCERTIDUMBRE!K45 -> 0
B126: =MEDIDA!T15 -> 100 | D126: =MEDIDA!V15 -> 4.6 | F126: =MEDIDA!X15 -> 4.4856779 | H126: =MEDIDA!Z15 -> 4.7849559 | J126: =MEDIDA!AB15 -> 4.7022447 | L126: =MEDIDA!AD15 -> 4.6432196 | N126: 0,3 % | Q126: =INCERTIDUMBRE!K46 -> 0
B127: =MEDIDA!T16 -> 125 | D127: =MEDIDA!V16 -> 6 | F127: =MEDIDA!X16 -> 6 | H127: =MEDIDA!Z16 -> 5.8948781 | J127: =MEDIDA!AB16 -> 6 | L127: =MEDIDA!AD16 -> 5.9737195 | N127: 0,3 % | Q127: =INCERTIDUMBRE!K47 -> 0
B131: 8. INFORMACIÓN ADICIONAL
B133: Declaración de cumplimiento según: | I133: N/A
B134: Datos Suministrados por el cliente: | I134: N/A
B135: Comentarios: | I135: N/A
B136: Factor de conversión: | I136: N/A
B139: *** FIN DEL CERTIFICADO ***
