Workbook
Name Instrumento: '[1]R-LAB-127 DENSIDAD AIRE'!#REF!
Name Instrumento: '[1]R-LAB-127 DENSIDAD AIRE'!#REF!
Name Instrumento.: '[1]R-LAB-127 DENSIDAD AIRE'!#REF!
Name Instrumento.: '[1]R-LAB-127 DENSIDAD AIRE'!#REF!
Name N: #REF!
Name N: #REF!

Sheet INFORMACIÓN
A1: Datos del item | O1: En sitio ( instalaciones del cliente)
A2: Intrumento | B2: Marca | C2: Modelo | D2: Serie | E2: Ubicación | F2: Inventario | G2: Número de Certificado | H2: Fecha de Recepción | O2: Laboratorio BTMC
O4: BUEN ESTADO
O5: REGULAR ESTADO
A6: Datos de calibración | D6: Datos del cliente | O6: MAL ESTADO
A7: Lugar de calibración: | B7: En sitio ( instalaciones del cliente) | D7: Solicitante: | E7: HOSPITAL DE ALTA COMPLEJIDAD DEL MAGDALENA CENTRO
A8: Estado Físico: | B8: BUEN ESTADO | D8: Nit: | E8: 901.532.463-8
A9: Fecha de calibración: | B9: =H3 -> 0 | D9: Telefono: | E9: 3007835072
A10: Fecha de emisión: | B10: =H3 -> 0 | D10: Dirección: | E10: CARRERA 15 ENTRE CALLE 18 y 19
A11: Temperatura mínima: | B11: 24.1 | D11: Ciudad: | E11: LA DORADA - CALDAS
A12: Temperatura máxima: | B12: 24.5
A13: Humedad Mínima: | B13: 60
A14: Humedad Máxima: | B14: 63
A15: Calibración realiza por: | B15: ING. GABRIEL DURÁN

Sheet Redondeo
A1: DATO 1
A2: Dato | B2: Dato redondeado | C2: =FIXED(A3,6) -> #REF! | D2: =RIGHT(C2,1) -> #REF! | E2: =D2/1000000 -> #REF! | F2: =A3-E2 -> #REF! | H2: =IF(C7=5,IF(AND(D3=0,D8=FALSE),J5,J6),J6) -> #REF!
A3: =INCERTIDUMBRE!L5 -> #REF! | B3: =IF(A3>=10,K37,IF(A3>=1,K29,IF(A3>=0.1,K21,IF(A3>=0.01,K13,IF(A3>=0.001,K5))))) -> #REF! | C3: 6 decimal | D3: =D2+0 -> #REF!
C4: Extrae el ultimo digito | D4: extrael primer digito | E4: parte entera | F4: Parte decimal | G4: cantidad de decimales | H4: decimales en enteros | I4: restar ultimo numero | J4: Elimar ultimo digito | K4: Dato Final
C5: =RIGHT(F2,2) -> #REF! | D5: =LEFT(C5,1) -> #REF! | E5: =TRUNC(A3) -> #REF! | F5: =FIXED(A3-E5,G5) -> #REF! | G5: =ABS(E8-F8) -> #REF! | H5: =RIGHT(A3,G5) -> #REF! | I5: 5e-05 | J5: =(A3-I5) -> #REF! | K5: =IF(C7=5,IF(AND(D3=0,D8=FALSE),J5,J6),J6) -> #REF!
C6: =RIGHT(C5,1) -> #REF! | D6: =D5+0 -> #REF! | J6: =FIXED(A3,4) -> #REF!
C7: =C6+0 -> #REF! | D7: es impar? | E7: Largo dato original | F7: largo parte enetero y decimal
D8: =ISODD(D5) -> #REF! | E8: =LEN(A3) -> #REF! | F8: =LEN(E5)+1 -> #REF!
A10: 4 Decimales
A11: =K5 -> #REF! | C11: =FIXED(A3,5) -> #REF! | D11: =RIGHT(C11,1) -> #REF! | E11: =D11+0 -> #REF!
C12: Extrae el ultimo digito | D12: extrael primer digito | E12: parte entera | F12: Parte decimal | G12: cantidad de decimales | H12: decimales en enteros | I12: restar ultimo numero | J12: Elimar ultimo digito | K12: Dato Final
C13: =RIGHT(A11,2) -> #REF! | D13: =LEFT(C13,1) -> #REF! | E13: =TRUNC(A11) -> #REF! | F13: =FIXED(A11-E13,G13) -> #REF! | G13: =ABS(E16-F16) -> #REF! | H13: =RIGHT(A11,G13) -> #REF! | I13: 0.0005 | J13: =(A11-I13) -> #REF! | K13: =IF(C15=5,IF(AND(E11=0,D16=FALSE),J13,J14),J14) -> #REF!
C14: =RIGHT(C13,1) -> #REF! | D14: =D13+0 -> #REF! | J14: =FIXED(A11,3) -> #REF!
C15: =C14+0 -> #REF! | D15: es impar? | E15: Largo dato original | F15: largo parte enetero y decimal
D16: =ISODD(D13) -> #REF! | E16: =LEN(A11) -> #REF! | F16: =LEN(E13)+1 -> #REF!
A18: 3 Decimales
A19: =K13 -> #REF! | C19: =FIXED(A11,4) -> #REF! | D19: =RIGHT(C19,1) -> #REF! | E19: =D19+0 -> #REF!
C20: Extrae el ultimo digito | D20: extrael primer digito | E20: parte entera | F20: Parte decimal | G20: cantidad de decimales | H20: decimales en enteros | I20: restar ultimo numero | J20: Elimar ultimo digito | K20: Dato Final
C21: =RIGHT(A19,2) -> #REF! | D21: =LEFT(C21,1) -> #REF! | E21: =TRUNC(A19) -> #REF! | F21: =FIXED(A19-E21,G21) -> #REF! | G21: =ABS(E24-F24) -> #REF! | H21: =RIGHT(A19,G21) -> #REF! | I21: 0.005 | J21: =(A19-I21) -> #REF! | K21: =IF(C23=5,IF(AND(E19=0,D24=FALSE),J21,J22),J22) -> #REF!
C22: =RIGHT(C21,1) -> #REF! | D22: =D21+0 -> #REF! | J22: =FIXED(A19,2) -> #REF!
C23: =C22+0 -> #REF! | D23: es impar? | E23: Largo dato original | F23: largo parte enetero y decimal
D24: =ISODD(D21) -> #REF! | E24: =LEN(A19) -> #REF! | F24: =LEN(E21)+1 -> #REF!
A26: 2 Decimales
A27: =K21 -> #REF! | C27: =FIXED(A19,3) -> #REF! | D27: =RIGHT(C27,1) -> #REF! | E27: =D27+0 -> #REF!
C28: Extrae el ultimo digito | D28: extrael primer digito | E28: parte entera | F28: Parte decimal | G28: cantidad de decimales | H28: decimales en enteros | I28: restar ultimo numero | J28: Elimar ultimo digito | K28: Dato Final
C29: =RIGHT(A27,2) -> #REF! | D29: =LEFT(C29,1) -> #REF! | E29: =TRUNC(A27) -> #REF! | F29: =FIXED(A27-E29,G29) -> #REF! | G29: =ABS(E32-F32) -> #REF! | H29: =RIGHT(A27,G29) -> #REF! | I29: 0.05 | J29: =(A27-I29) -> #REF! | K29: =IF(C31=5,IF(AND(E27=0,D32=FALSE),J29,J30),J30) -> #REF!
C30: =RIGHT(C29,1) -> #REF! | D30: =D29+0 -> #REF! | J30: =FIXED(A27,1) -> #REF!
C31: =C30+0 -> #REF! | D31: es impar? | E31: Largo dato original | F31: largo parte enetero y decimal
D32: =ISODD(D29) -> #REF! | E32: =LEN(A27) -> #REF! | F32: =LEN(E29)+1 -> #REF!
A34: 1 Decimales
A35: =K29 -> #REF! | C35: =FIXED(A27,2) -> #REF! | D35: =RIGHT(C35,1) -> #REF! | E35: =D35+0 -> #REF!
C36: Extrae el ultimo digito | D36: extrael primer digito | E36: parte entera | F36: Parte decimal | G36: cantidad de decimales | H36: decimales en enteros | I36: restar ultimo numero | J36: Elimar ultimo digito | K36: Dato Final
C37: =RIGHT(A35,2) -> #REF! | D37: =RIGHT(E37,1) -> #REF! | E37: =TRUNC(A35) -> #REF! | F37: =FIXED(A35-E37,G37) -> #REF! | G37: =ABS(E40-F40) -> #REF! | H37: =RIGHT(A35,G37) -> #REF! | I37: 0.5 | J37: =(A35-I37) -> #REF! | K37: =IF(C39=5,IF(AND(E35=0,D40=FALSE),J37,J38),J38) -> #REF!
C38: =RIGHT(C37,1) -> #REF! | D38: =D37+0 -> #REF! | J38: =FIXED(A35,0) -> #REF!
C39: =C38+0 -> #REF! | D39: es impar? | E39: Largo dato original | F39: largo parte enetero y decimal
D40: =ISODD(D37) -> #REF! | E40: =LEN(A35) -> #REF! | F40: =LEN(E37)+1 -> #REF!
A41: DATO 2
A42: Dato | B42: Dato redondeado | C42: =FIXED(A43,6) -> #REF! | D42: =RIGHT(C42,1) -> #REF! | E42: =D42/1000000 -> #REF! | F42: =A43-E42 -> #REF! | H42: =IF(C47=5,IF(AND(D43=0,D48=FALSE),J45,J46),J46) -> #REF!
A43: =INCERTIDUMBRE!#REF! -> #REF! | B43: =IF(A43>=10,K77,IF(A43>=1,K69,IF(A43>=0.1,K61,IF(A43>=0.01,K53,IF(A43>=0.001,K45))))) -> #REF! | C43: 6 decimal | D43: =D42+0 -> #REF!
C44: Extrae el ultimo digito | D44: extrael primer digito | E44: parte entera | F44: Parte decimal | G44: cantidad de decimales | H44: decimales en enteros | I44: restar ultimo numero | J44: Elimar ultimo digito | K44: Dato Final
C45: =RIGHT(F42,2) -> #REF! | D45: =LEFT(C45,1) -> #REF! | E45: =TRUNC(A43) -> #REF! | F45: =FIXED(A43-E45,G45) -> #REF! | G45: =ABS(E48-F48) -> #REF! | H45: =RIGHT(A43,G45) -> #REF! | I45: 5e-05 | J45: =(A43-I45) -> #REF! | K45: =IF(C47=5,IF(AND(D43=0,D48=FALSE),J45,J46),J46) -> #REF!
C46: =RIGHT(C45,1) -> #REF! | D46: =D45+0 -> #REF! | J46: =FIXED(A43,4) -> #REF!
C47: =C46+0 -> #REF! | D47: es impar? | E47: Largo dato original | F47: largo parte enetero y decimal
D48: =ISODD(D45) -> #REF! | E48: =LEN(A43) -> #REF! | F48: =LEN(E45)+1 -> #REF!
A50: 4 Decimales
A51: =K45 -> #REF! | C51: =FIXED(A43,5) -> #REF! | D51: =RIGHT(C51,1) -> #REF! | E51: =D51+0 -> #REF!
C52: Extrae el ultimo digito | D52: extrael primer digito | E52: parte entera | F52: Parte decimal | G52: cantidad de decimales | H52: decimales en enteros | I52: restar ultimo numero | J52: Elimar ultimo digito | K52: Dato Final
C53: =RIGHT(A51,2) -> #REF! | D53: =LEFT(C53,1) -> #REF! | E53: =TRUNC(A51) -> #REF! | F53: =FIXED(A51-E53,G53) -> #REF! | G53: =ABS(E56-F56) -> #REF! | H53: =RIGHT(A51,G53) -> #REF! | I53: 0.0005 | J53: =(A51-I53) -> #REF! | K53: =IF(C55=5,IF(AND(E51=0,D56=FALSE),J53,J54),J54) -> #REF!
C54: =RIGHT(C53,1) -> #REF! | D54: =D53+0 -> #REF! | J54: =FIXED(A51,3) -> #REF!
C55: =C54+0 -> #REF! | D55: es impar? | E55: Largo dato original | F55: largo parte enetero y decimal
D56: =ISODD(D53) -> #REF! | E56: =LEN(A51) -> #REF! | F56: =LEN(E53)+1 -> #REF!
A58: 3 Decimales
A59: =K53 -> #REF! | C59: =FIXED(A51,4) -> #REF! | D59: =RIGHT(C59,1) -> #REF! | E59: =D59+0 -> #REF!
C60: Extrae el ultimo digito | D60: extrael primer digito | E60: parte entera | F60: Parte decimal | G60: cantidad de decimales | H60: decimales en enteros | I60: restar ultimo numero | J60: Elimar ultimo digito | K60: Dato Final
C61: =RIGHT(A59,2) -> #REF! | D61: =LEFT(C61,1) -> #REF! | E61: =TRUNC(A59) -> #REF! | F61: =FIXED(A59-E61,G61) -> #REF! | G61: =ABS(E64-F64) -> #REF! | H61: =RIGHT(A59,G61) -> #REF! | I61: 0.005 | J61: =(A59-I61) -> #REF! | K61: =IF(C63=5,IF(AND(E59=0,D64=FALSE),J61,J62),J62) -> #REF!
C62: =RIGHT(C61,1) -> #REF! | D62: =D61+0 -> #REF! | J62: =FIXED(A59,2) -> #REF!
C63: =C62+0 -> #REF! | D63: es impar? | E63: Largo dato original | F63: largo parte enetero y decimal
D64: =ISODD(D61) -> #REF! | E64: =LEN(A59) -> #REF! | F64: =LEN(E61)+1 -> #REF!
A66: 2 Decimales
A67: =K61 -> #REF! | C67: =FIXED(A59,3) -> #REF! | D67: =RIGHT(C67,1) -> #REF! | E67: =D67+0 -> #REF!
C68: Extrae el ultimo digito | D68: extrael primer digito | E68: parte entera | F68: Parte decimal | G68: cantidad de decimales | H68: decimales en enteros | I68: restar ultimo numero | J68: Elimar ultimo digito | K68: Dato Final
C69: =RIGHT(A67,2) -> #REF! | D69: =LEFT(C69,1) -> #REF! | E69: =TRUNC(A67) -> #REF! | F69: =FIXED(A67-E69,G69) -> #REF! | G69: =ABS(E72-F72) -> #REF! | H69: =RIGHT(A67,G69) -> #REF! | I69: 0.05 | J69: =(A67-I69) -> #REF! | K69: =IF(C71=5,IF(AND(E67=0,D72=FALSE),J69,J70),J70) -> #REF!
C70: =RIGHT(C69,1) -> #REF! | D70: =D69+0 -> #REF! | J70: =FIXED(A67,1) -> #REF!
C71: =C70+0 -> #REF! | D71: es impar? | E71: Largo dato original | F71: largo parte enetero y decimal
D72: =ISODD(D69) -> #REF! | E72: =LEN(A67) -> #REF! | F72: =LEN(E69)+1 -> #REF!
A74: 1 Decimales
A75: =K69 -> #REF! | C75: =FIXED(A67,2) -> #REF! | D75: =RIGHT(C75,1) -> #REF! | E75: =D75+0 -> #REF!
C76: Extrae el ultimo digito | D76: extrael primer digito | E76: parte entera | F76: Parte decimal | G76: cantidad de decimales | H76: decimales en enteros | I76: restar ultimo numero | J76: Elimar ultimo digito | K76: Dato Final
C77: =RIGHT(A75,2) -> #REF! | D77: =RIGHT(E77,1) -> #REF! | E77: =TRUNC(A75) -> #REF! | F77: =FIXED(A75-E77,G77) -> #REF! | G77: =ABS(E80-F80) -> #REF! | H77: =RIGHT(A75,G77) -> #REF! | I77: 0.5 | J77: =(A75-I77) -> #REF! | K77: =IF(C79=5,IF(AND(E75=0,D80=FALSE),J77,J78),J78) -> #REF!
C78: =RIGHT(C77,1) -> #REF! | D78: =D77+0 -> #REF! | J78: =FIXED(A75,0) -> #REF!
C79: =C78+0 -> #REF! | D79: es impar? | E79: Largo dato original | F79: largo parte enetero y decimal
D80: =ISODD(D77) -> #REF! | E80: =LEN(A75) -> #REF! | F80: =LEN(E77)+1 -> #REF!
A81: DATO 3
A82: Dato | B82: Dato redondeado | C82: =FIXED(A83,6) -> #REF! | D82: =RIGHT(C82,1) -> #REF! | E82: =D82/1000000 -> #REF! | F82: =A83-E82 -> #REF! | H82: =IF(C87=5,IF(AND(D83=0,D88=FALSE),J85,J86),J86) -> #REF!
A83: =INCERTIDUMBRE!L6 -> #REF! | B83: =IF(A83>=10,K117,IF(A83>=1,K109,IF(A83>=0.1,K101,IF(A83>=0.01,K93,IF(A83>=0.001,K85))))) -> #REF! | C83: 6 decimal | D83: =D82+0 -> #REF!
C84: Extrae el ultimo digito | D84: extrael primer digito | E84: parte entera | F84: Parte decimal | G84: cantidad de decimales | H84: decimales en enteros | I84: restar ultimo numero | J84: Elimar ultimo digito | K84: Dato Final
C85: =RIGHT(F82,2) -> #REF! | D85: =LEFT(C85,1) -> #REF! | E85: =TRUNC(A83) -> #REF! | F85: =FIXED(A83-E85,G85) -> #REF! | G85: =ABS(E88-F88) -> #REF! | H85: =RIGHT(A83,G85) -> #REF! | I85: 5e-05 | J85: =(A83-I85) -> #REF! | K85: =IF(C87=5,IF(AND(D83=0,D88=FALSE),J85,J86),J86) -> #REF!
C86: =RIGHT(C85,1) -> #REF! | D86: =D85+0 -> #REF! | J86: =FIXED(A83,4) -> #REF!
C87: =C86+0 -> #REF! | D87: es impar? | E87: Largo dato original | F87: largo parte enetero y decimal
D88: =ISODD(D85) -> #REF! | E88: =LEN(A83) -> #REF! | F88: =LEN(E85)+1 -> #REF!
A90: 4 Decimales
A91: =K85 -> #REF! | C91: =FIXED(A83,5) -> #REF! | D91: =RIGHT(C91,1) -> #REF! | E91: =D91+0 -> #REF!
C92: Extrae el ultimo digito | D92: extrael primer digito | E92: parte entera | F92: Parte decimal | G92: cantidad de decimales | H92: decimales en enteros | I92: restar ultimo numero | J92: Elimar ultimo digito | K92: Dato Final
C93: =RIGHT(A91,2) -> #REF! | D93: =LEFT(C93,1) -> #REF! | E93: =TRUNC(A91) -> #REF! | F93: =FIXED(A91-E93,G93) -> #REF! | G93: =ABS(E96-F96) -> #REF! | H93: =RIGHT(A91,G93) -> #REF! | I93: 0.0005 | J93: =(A91-I93) -> #REF! | K93: =IF(C95=5,IF(AND(E91=0,D96=FALSE),J93,J94),J94) -> #REF!
C94: =RIGHT(C93,1) -> #REF! | D94: =D93+0 -> #REF! | J94: =FIXED(A91,3) -> #REF!
C95: =C94+0 -> #REF! | D95: es impar? | E95: Largo dato original | F95: largo parte enetero y decimal
D96: =ISODD(D93) -> #REF! | E96: =LEN(A91) -> #REF! | F96: =LEN(E93)+1 -> #REF!
A98: 3 Decimales
A99: =K93 -> #REF! | C99: =FIXED(A91,4) -> #REF! | D99: =RIGHT(C99,1) -> #REF! | E99: =D99+0 -> #REF!
C100: Extrae el ultimo digito | D100: extrael primer digito | E100: parte entera | F100: Parte decimal | G100: cantidad de decimales | H100: decimales en enteros | I100: restar ultimo numero | J100: Elimar ultimo digito | K100: Dato Final
C101: =RIGHT(A99,2) -> #REF! | D101: =LEFT(C101,1) -> #REF! | E101: =TRUNC(A99) -> #REF! | F101: =FIXED(A99-E101,G101) -> #REF! | G101: =ABS(E104-F104) -> #REF! | H101: =RIGHT(A99,G101) -> #REF! | I101: 0.005 | J101: =(A99-I101) -> #REF! | K101: =IF(C103=5,IF(AND(E99=0,D104=FALSE),J101,J102),J102) -> #REF!
C102: =RIGHT(C101,1) -> #REF! | D102: =D101+0 -> #REF! | J102: =FIXED(A99,2) -> #REF!
C103: =C102+0 -> #REF! | D103: es impar? | E103: Largo dato original | F103: largo parte enetero y decimal
D104: =ISODD(D101) -> #REF! | E104: =LEN(A99) -> #REF! | F104: =LEN(E101)+1 -> #REF!
A106: 2 Decimales
A107: =K101 -> #REF! | C107: =FIXED(A99,3) -> #REF! | D107: =RIGHT(C107,1) -> #REF! | E107: =D107+0 -> #REF!
C108: Extrae el ultimo digito | D108: extrael primer digito | E108: parte entera | F108: Parte decimal | G108: cantidad de decimales | H108: decimales en enteros | I108: restar ultimo numero | J108: Elimar ultimo digito | K108: Dato Final
C109: =RIGHT(A107,2) -> #REF! | D109: =LEFT(C109,1) -> #REF! | E109: =TRUNC(A107) -> #REF! | F109: =FIXED(A107-E109,G109) -> #REF! | G109: =ABS(E112-F112) -> #REF! | H109: =RIGHT(A107,G109) -> #REF! | I109: 0.05 | J109: =(A107-I109) -> #REF! | K109: =IF(C111=5,IF(AND(E107=0,D112=FALSE),J109,J110),J110) -> #REF!
C110: =RIGHT(C109,1) -> #REF! | D110: =D109+0 -> #REF! | J110: =FIXED(A107,1) -> #REF!
C111: =C110+0 -> #REF! | D111: es impar? | E111: Largo dato original | F111: largo parte enetero y decimal
...

Sheet MEDIDA
D3: PIP
D4: Equipo bajo prueba (cmH2O) | F4: Medidas del equipo patrón
F5: Lectura 1 (cmH2O) | H5: Lectura 2 (cmH2O) | J5: Lectura 3 (cmH2O) | L5: Lectura 4 (cmH2O) | N5: Promedio (cmH2O) | P5: Error (cmH2O)
D6: 5 | F6: 5.3 | H6: =F6+((RAND()*(0.1)*RANDBETWEEN(-1,1))) -> 5.219542 | J6: =H6+((RAND()*(0.1)*RANDBETWEEN(-1,1))) -> 5.2789818 | L6: =J6+((RAND()*(0.1)*RANDBETWEEN(-1,1))) -> 5.2587407 | N6: =AVERAGE(F6:M6) -> 5.2643161 | P6: =N6-D6 -> 0.26431612
D7: 10 | F7: 10.5 | H7: =F7+((RAND()*(0.1)*RANDBETWEEN(-1,1))) -> 10.510195 | J7: =H7+((RAND()*(0.1)*RANDBETWEEN(-1,1))) -> 10.511921 | L7: =J7+((RAND()*(0.1)*RANDBETWEEN(-1,1))) -> 10.572711 | N7: =AVERAGE(F7:M7) -> 10.523707 | P7: =N7-D7 -> 0.52370695
D8: 20 | F8: 20.6 | H8: =F8+((RAND()*(0.1)*RANDBETWEEN(-1,1))) -> 20.568033 | J8: =H8+((RAND()*(0.1)*RANDBETWEEN(-1,1))) -> 20.568033 | L8: =J8+((RAND()*(0.1)*RANDBETWEEN(-1,1))) -> 20.551965 | N8: =AVERAGE(F8:M8) -> 20.572008 | P8: =N8-D8 -> 0.57200792
D9: 40 | F9: 40.9 | H9: =F9+((RAND()*(0.1)*RANDBETWEEN(-1,1))) -> 40.893743 | J9: =H9+((RAND()*(0.1)*RANDBETWEEN(-1,1))) -> 40.893743 | L9: =J9+((RAND()*(0.1)*RANDBETWEEN(-1,1))) -> 40.888192 | N9: =AVERAGE(F9:M9) -> 40.893919 | P9: =N9-D9 -> 0.89391949

Sheet PATRON
C2: Volumen
C3: Nominal | D3: Medido | E3: Corrección | F3: k | G3: Correcion estimada | H3: Residuales | I3: N-M-1 | J3: u interpolación
C4: 99.6 | D4: 106.2 | E4: =C4-D4 -> -6.6 | F4: 2 | G4: =J$13*D4-J$14 -> -6.6 | H4: =E4-G4 -> 0 | I4: =2-2-1 -> -1 | J4: 0
C5: 1000 | D5: 1042 | E5: =C5-D5 -> -42 | F5: 2 | G5: =J$13*D5-J$14 -> -42 | H5: =E5-G5 -> 0
J13: -0.037828596
J14: 2.5826031
B34: EQUIPO PATRÓN
B35: Equipo patrón: | G35: Analizador de flujo de gases
B36: Marca: | G36: TSI
B37: Modelo: | G37: 4070
B38: Serie: | G38: 40712037006
B39: Fecha de Calibración: | G39: 44970
B40: No. Certificado: | G40: L4012
B41: Incertidumbre Volumen: | G41: 5.5
B42: Incertidumbre presión: | G42: 0.11
B43: Deriva volumen | G43: 3
B44: Deriva presión | G44: 0.2
B45: Resolución volumen | G45: 0.1
B46: Resolución presión | G46: 0.1
B47: Factor de cobertura K: | G47: 2

Sheet INCERTIDUMBRE
B2: FUENTES DE INCERTIDUMBRE VOLUMEN
B3: Punto de calibración | C3: Cert de calibración | D3: Deriva | E3: Interpolación | F3: Resolución item | G3: Resolución patrón | H3: Repetibilidad | I3: Incertidumbre combinada | J3: Veff | K3: Factor de cobertura (k) | L3: Incertidumbre Expandida
B4: =MEDIDA!#REF! -> #REF! | C4: =PATRON!G$41/2 -> 2.75 | D4: =PATRON!G$43/SQRT(3) -> 1.7320508 | E4: 0 | F4: =1/SQRT(12) -> 0.28867513 | G4: =PATRON!G$45/SQRT(12) -> 0.028867513 | H4: =STDEVA(MEDIDA!#REF!)/SQRT(4) -> #REF! | I4: =SQRT(SUMSQ(C4:H4)) -> #REF! | J4: =I4^4/(C4^4/200+D4^4/200+E4^4/200+F4^4/200+G4^4/200+H4^4/3) -> #REF! | K4: =TINV(0.0455,J4) -> #REF! | L4: =I4*K4 -> #REF!
B5: =MEDIDA!#REF! -> #REF! | C5: =PATRON!G$41/2 -> 2.75 | D5: =PATRON!G$43/SQRT(3) -> 1.7320508 | E5: 0 | F5: =1/SQRT(12) -> 0.28867513 | G5: =PATRON!G$45/SQRT(12) -> 0.028867513 | H5: =STDEVA(MEDIDA!#REF!)/SQRT(4) -> #REF! | I5: =SQRT(SUMSQ(C5:H5)) -> #REF! | J5: =I5^4/(C5^4/200+D5^4/200+E5^4/200+F5^4/200+G5^4/200+H5^4/3) -> #REF! | K5: =TINV(0.0455,J5) -> #REF! | L5: =I5*K5 -> #REF!
B6: =MEDIDA!#REF! -> #REF! | C6: =PATRON!G$41/2 -> 2.75 | D6: =PATRON!G$43/SQRT(3) -> 1.7320508 | E6: 0 | F6: =1/SQRT(12) -> 0.28867513 | G6: =PATRON!G$45/SQRT(12) -> 0.028867513 | H6: =STDEVA(MEDIDA!#REF!)/SQRT(4) -> #REF! | I6: =SQRT(SUMSQ(C6:H6)) -> #REF! | J6: =I6^4/(C6^4/200+D6^4/200+E6^4/200+F6^4/200+G6^4/200+H6^4/3) -> #REF! | K6: =TINV(0.0455,J6) -> #REF! | L6: =I6*K6 -> #REF!
B7: =MEDIDA!#REF! -> #REF! | C7: =PATRON!G$41/2 -> 2.75 | D7: =PATRON!G$43/SQRT(3) -> 1.7320508 | E7: 0 | F7: =1/SQRT(12) -> 0.28867513 | G7: =PATRON!G$45/SQRT(12) -> 0.028867513 | H7: =STDEVA(MEDIDA!#REF!)/SQRT(4) -> #REF! | I7: =SQRT(SUMSQ(C7:H7)) -> #REF! | J7: =I7^4/(C7^4/200+D7^4/200+E7^4/200+F7^4/200+G7^4/200+H7^4/3) -> #REF! | K7: =TINV(0.0455,J7) -> #REF! | L7: =I7*K7 -> #REF!
B9: FUENTES DE INCERTIDUMBRE OXÍGENO
B10: Punto de calibración | C10: Cert de calibración | D10: Deriva | E10: Interpolación | F10: Resolución item | G10: Resolución patrón | H10: Repetibilidad | I10: Incertidumbre combinada | J10: Veff | K10: Factor de cobertura (k) | L10: Incertidumbre Expandida
B11: =MEDIDA!#REF! -> #REF! | C11: =0.083/2 -> 0.0415 | D11: =0.2/SQRT(3) -> 0.11547005 | E11: 0 | F11: =1/SQRT(12) -> 0.28867513 | G11: =0.1/SQRT(12) -> 0.028867513 | H11: =STDEVA(MEDIDA!#REF!)/SQRT(4) -> #REF! | I11: =SQRT(SUMSQ(C11:H11)) -> #REF! | J11: =I11^4/(C11^4/200+D11^4/200+E11^4/200+F11^4/200+G11^4/200+H11^4/3) -> #REF! | K11: =TINV(0.0455,J11) -> #REF! | L11: =I11*K11 -> #REF!
B12: =MEDIDA!#REF! -> #REF! | C12: =0.083/2 -> 0.0415 | D12: =0.2/SQRT(3) -> 0.11547005 | E12: 0 | F12: =1/SQRT(12) -> 0.28867513 | G12: =0.1/SQRT(12) -> 0.028867513 | H12: =STDEVA(MEDIDA!#REF!)/SQRT(4) -> #REF! | I12: =SQRT(SUMSQ(C12:H12)) -> #REF! | J12: =I12^4/(C12^4/200+D12^4/200+E12^4/200+F12^4/200+G12^4/200+H12^4/3) -> #REF! | K12: =TINV(0.0455,J12) -> #REF! | L12: =I12*K12 -> #REF!
B13: =MEDIDA!#REF! -> #REF! | C13: =0.083/2 -> 0.0415 | D13: =0.2/SQRT(3) -> 0.11547005 | E13: 0 | F13: =1/SQRT(12) -> 0.28867513 | G13: =0.1/SQRT(12) -> 0.028867513 | H13: =STDEVA(MEDIDA!#REF!)/SQRT(4) -> #REF! | I13: =SQRT(SUMSQ(C13:H13)) -> #REF! | J13: =I13^4/(C13^4/200+D13^4/200+E13^4/200+F13^4/200+G13^4/200+H13^4/3) -> #REF! | K13: =TINV(0.0455,J13) -> #REF! | L13: =I13*K13 -> #REF!
B14: =MEDIDA!#REF! -> #REF! | C14: =0.083/2 -> 0.0415 | D14: =0.2/SQRT(3) -> 0.11547005 | E14: 0 | F14: =1/SQRT(12) -> 0.28867513 | G14: =0.1/SQRT(12) -> 0.028867513 | H14: =STDEVA(MEDIDA!#REF!)/SQRT(4) -> #REF! | I14: =SQRT(SUMSQ(C14:H14)) -> #REF! | J14: =I14^4/(C14^4/200+D14^4/200+E14^4/200+F14^4/200+G14^4/200+H14^4/3) -> #REF! | K14: =TINV(0.0455,J14) -> #REF! | L14: =I14*K14 -> #REF!
B16: FUENTES DE INCERTIDUMBRE PEEP
B17: Punto de calibración | C17: Cert de calibración | D17: Deriva | E17: Interpolación | F17: Resolución item | G17: Resolución patrón | H17: Repetibilidad | I17: Incertidumbre combinada | J17: Veff | K17: Factor de cobertura (k) | L17: Incertidumbre Expandida
B18: =MEDIDA!#REF! -> #REF! | C18: =PATRON!G$42/2 -> 0.055 | D18: =PATRON!G$44/SQRT(3) -> 0.11547005 | E18: 0 | F18: =1/SQRT(12) -> 0.28867513 | G18: =PATRON!G$46/SQRT(12) -> 0.028867513 | H18: =STDEVA(MEDIDA!#REF!)/SQRT(4) -> #REF! | I18: =SQRT(SUMSQ(C18:H18)) -> #REF! | J18: =I18^4/(C18^4/200+D18^4/200+E18^4/200+F18^4/200+G18^4/200+H18^4/3) -> #REF! | K18: =TINV(0.0455,J18) -> #REF! | L18: =I18*K18 -> #REF!
B19: =MEDIDA!#REF! -> #REF! | C19: =PATRON!G$42/2 -> 0.055 | D19: =PATRON!G$44/SQRT(3) -> 0.11547005 | E19: 0 | F19: =1/SQRT(12) -> 0.28867513 | G19: =PATRON!G$46/SQRT(12) -> 0.028867513 | H19: =STDEVA(MEDIDA!#REF!)/SQRT(4) -> #REF! | I19: =SQRT(SUMSQ(C19:H19)) -> #REF! | J19: =I19^4/(C19^4/200+D19^4/200+E19^4/200+F19^4/200+G19^4/200+H19^4/3) -> #REF! | K19: =TINV(0.0455,J19) -> #REF! | L19: =I19*K19 -> #REF!
B20: =MEDIDA!#REF! -> #REF! | C20: =PATRON!G$42/2 -> 0.055 | D20: =PATRON!G$44/SQRT(3) -> 0.11547005 | E20: 0 | F20: =1/SQRT(12) -> 0.28867513 | G20: =PATRON!G$46/SQRT(12) -> 0.028867513 | H20: =STDEVA(MEDIDA!#REF!)/SQRT(4) -> #REF! | I20: =SQRT(SUMSQ(C20:H20)) -> #REF! | J20: =I20^4/(C20^4/200+D20^4/200+E20^4/200+F20^4/200+G20^4/200+H20^4/3) -> #REF! | K20: =TINV(0.0455,J20) -> #REF! | L20: =I20*K20 -> #REF!
B21: =MEDIDA!#REF! -> #REF! | C21: =PATRON!G$42/2 -> 0.055 | D21: =PATRON!G$44/SQRT(3) -> 0.11547005 | E21: 0 | F21: =1/SQRT(12) -> 0.28867513 | G21: =PATRON!G$46/SQRT(12) -> 0.028867513 | H21: =STDEVA(MEDIDA!#REF!)/SQRT(4) -> #REF! | I21: =SQRT(SUMSQ(C21:H21)) -> #REF! | J21: =I21^4/(C21^4/200+D21^4/200+E21^4/200+F21^4/200+G21^4/200+H21^4/3) -> #REF! | K21: =TINV(0.0455,J21) -> #REF! | L21: =I21*K21 -> #REF!
B23: FUENTES DE INCERTIDUMBRE PIP
B24: Punto de calibración | C24: Cert de calibración | D24: Deriva | E24: Interpolación | F24: Resolución item | G24: Resolución patrón | H24: Repetibilidad | I24: Incertidumbre combinada | J24: Veff | K24: Factor de cobertura (k) | L24: Incertidumbre Expandida
B25: =MEDIDA!D6 -> 5 | C25: =PATRON!G$42/2 -> 0.055 | D25: =PATRON!G$44/SQRT(3) -> 0.11547005 | E25: 0 | F25: =1/SQRT(12) -> 0.28867513 | G25: =PATRON!G$46/SQRT(12) -> 0.028867513 | H25: =STDEVA(MEDIDA!F6:M6)/SQRT(4) -> 0.017137271 | I25: =SQRT(SUMSQ(C25:H25)) -> 0.31751958 | J25: =I25^4/(C25^4/200+D25^4/200+E25^4/200+F25^4/200+G25^4/200+H25^4/3) -> 284.80436 | K25: =TINV(0.0455,J25) -> 2.0088434 | L25: 0.1
B26: =MEDIDA!D7 -> 10 | C26: =PATRON!G$42/2 -> 0.055 | D26: =PATRON!G$44/SQRT(3) -> 0.11547005 | E26: 0 | F26: =1/SQRT(12) -> 0.28867513 | G26: =PATRON!G$46/SQRT(12) -> 0.028867513 | H26: =STDEVA(MEDIDA!F7:M7)/SQRT(4) -> 0.016545169 | I26: =SQRT(SUMSQ(C26:H26)) -> 0.31748818 | J26: =I26^4/(C26^4/200+D26^4/200+E26^4/200+F26^4/200+G26^4/200+H26^4/3) -> 284.72178 | K26: =TINV(0.0455,J26) -> 2.0088434 | L26: 0.1
B27: =MEDIDA!D8 -> 20 | C27: =PATRON!G$42/2 -> 0.055 | D27: =PATRON!G$44/SQRT(3) -> 0.11547005 | E27: 0 | F27: =1/SQRT(12) -> 0.28867513 | G27: =PATRON!G$46/SQRT(12) -> 0.028867513 | H27: =STDEVA(MEDIDA!F8:M8)/SQRT(4) -> 0.010070063 | I27: =SQRT(SUMSQ(C27:H27)) -> 0.31721665 | J27: =I27^4/(C27^4/200+D27^4/200+E27^4/200+F27^4/200+G27^4/200+H27^4/3) -> 283.9205 | K27: =TINV(0.0455,J27) -> 2.0088748 | L27: 0.1
B28: =MEDIDA!D9 -> 40 | C28: =PATRON!G$42/2 -> 0.055 | D28: =PATRON!G$44/SQRT(3) -> 0.11547005 | E28: 0 | F28: =1/SQRT(12) -> 0.28867513 | G28: =PATRON!G$46/SQRT(12) -> 0.028867513 | H28: =STDEVA(MEDIDA!F9:M9)/SQRT(4) -> 0.0024124222 | I28: =SQRT(SUMSQ(C28:H28)) -> 0.31706595 | J28: =I28^4/(C28^4/200+D28^4/200+E28^4/200+F28^4/200+G28^4/200+H28^4/3) -> 283.4085 | K28: =TINV(0.0455,J28) -> 2.0088748 | L28: 0.1
B30: FUENTES DE INCERTIDUMBRE FRECUENCIA
B31: Punto de calibración | C31: Cert de calibración | D31: Deriva | E31: Interpolación | F31: Resolución item | G31: Resolución patrón | H31: Repetibilidad | I31: Incertidumbre combinada | J31: Veff | K31: Factor de cobertura (k) | L31: Incertidumbre Expandida
B32: =MEDIDA!#REF! -> #REF! | C32: 0 | D32: 0 | E32: 0 | F32: =1/SQRT(12) -> 0.28867513 | G32: =1/SQRT(12) -> 0.28867513 | H32: =STDEVA(MEDIDA!#REF!)/SQRT(4) -> #REF! | I32: =SQRT(SUMSQ(C32:H32)) -> #REF! | J32: =I32^4/(C32^4/200+D32^4/200+E32^4/200+F32^4/200+G32^4/200+H32^4/3) -> #REF! | K32: =TINV(0.0455,J32) -> #REF! | L32: =I32*K32 -> #REF!
B33: =MEDIDA!#REF! -> #REF! | C33: 0 | D33: 0 | E33: 0 | F33: =1/SQRT(12) -> 0.28867513 | G33: =1/SQRT(12) -> 0.28867513 | H33: =STDEVA(MEDIDA!#REF!)/SQRT(4) -> #REF! | I33: =SQRT(SUMSQ(C33:H33)) -> #REF! | J33: =I33^4/(C33^4/200+D33^4/200+E33^4/200+F33^4/200+G33^4/200+H33^4/3) -> #REF! | K33: =TINV(0.0455,J33) -> #REF! | L33: =I33*K33 -> #REF!
B34: =MEDIDA!#REF! -> #REF! | C34: 0 | D34: 0 | E34: 0 | F34: =1/SQRT(12) -> 0.28867513 | G34: =1/SQRT(12) -> 0.28867513 | H34: =STDEVA(MEDIDA!#REF!)/SQRT(4) -> #REF! | I34: =SQRT(SUMSQ(C34:H34)) -> #REF! | J34: =I34^4/(C34^4/200+D34^4/200+E34^4/200+F34^4/200+G34^4/200+H34^4/3) -> #REF! | K34: =TINV(0.0455,J34) -> #REF! | L34: =I34*K34 -> #REF!
B35: =MEDIDA!#REF! -> #REF! | C35: 0 | D35: 0 | E35: 0 | F35: =1/SQRT(12) -> 0.28867513 | G35: =1/SQRT(12) -> 0.28867513 | H35: =STDEVA(MEDIDA!#REF!)/SQRT(4) -> #REF! | I35: =SQRT(SUMSQ(C35:H35)) -> #REF! | J35: =I35^4/(C35^4/200+D35^4/200+E35^4/200+F35^4/200+G35^4/200+H35^4/3) -> #REF! | K35: =TINV(0.0455,J35) -> #REF! | L35: =I35*K35 -> #REF!
B37: FUENTES DE INCERTIDUMBRE TIEMPO
B38: Punto de calibración | C38: Cert de calibración | D38: Deriva | E38: Interpolación | F38: Resolución item | G38: Resolución patrón | H38: Repetibilidad | I38: Incertidumbre combinada | J38: Veff | K38: Factor de cobertura (k) | L38: Incertidumbre Expandida
B39: =MEDIDA!#REF! -> #REF! | C39: 0 | D39: 0 | E39: 0 | F39: =1/SQRT(12) -> 0.28867513 | G39: =0.01/SQRT(12) -> 0.0028867513 | H39: 0 | I39: =SQRT(SUMSQ(C39:H39)) -> 0.28868957 | J39: =I39^4/(C39^4/200+D39^4/200+E39^4/200+F39^4/200+G39^4/200+H39^4/3) -> 200.04 | K39: =TINV(0.0455,J39) -> 2.0125794 | L39: =I39*K39 -> 0.58101068
B40: =MEDIDA!#REF! -> #REF! | C40: 0 | D40: 0 | E40: 0 | F40: =1/SQRT(12) -> 0.28867513 | G40: =0.01/SQRT(12) -> 0.0028867513 | H40: 0 | I40: =SQRT(SUMSQ(C40:H40)) -> 0.28868957 | J40: =I40^4/(C40^4/200+D40^4/200+E40^4/200+F40^4/200+G40^4/200+H40^4/3) -> 200.04 | K40: =TINV(0.0455,J40) -> 2.0125794 | L40: =I40*K40 -> 0.58101068
B41: =MEDIDA!#REF! -> #REF! | C41: 0 | D41: 0 | E41: 0 | F41: =1/SQRT(12) -> 0.28867513 | G41: =0.01/SQRT(12) -> 0.0028867513 | H41: 0 | I41: =SQRT(SUMSQ(C41:H41)) -> 0.28868957 | J41: =I41^4/(C41^4/200+D41^4/200+E41^4/200+F41^4/200+G41^4/200+H41^4/3) -> 200.04 | K41: =TINV(0.0455,J41) -> 2.0125794 | L41: =I41*K41 -> 0.58101068

Sheet CERTIFICADO 
O1: CERTIFICADO N°: | R1: =INFORMACIÓN!G3 -> 0
C3: 1. EQUIPO BAJO PRUEBA
C5: INSTRUMENTO: | I5: =INFORMACIÓN!A3 -> 0
C6: MARCA: | I6: =INFORMACIÓN!B3 -> 0
C7: MODELO: | I7: =INFORMACIÓN!C3 -> 0
C8: SERIE: | I8: =INFORMACIÓN!D3 -> 0
C9: CÓDIGO INTERNO: | I9: =INFORMACIÓN!F3 -> 0
C10: UBICACIÓN: | I10: =INFORMACIÓN!E3 -> 0
C11: ESTADO FÍSICO: | I11: =INFORMACIÓN!B8 -> BUEN ESTADO
C12: FECHA DE RECEPCIÓN: | I12: =INFORMACIÓN!H3 -> 0
C13: FECHA DE CALIBRACIÓN: | I13: =INFORMACIÓN!B9 -> 0
C15: 2. DATOS DEL CLIENTE
C17: NOMBRE: | I17: =INFORMACIÓN!E7 -> HOSPITAL DE ALTA COMPLEJIDAD DEL MAGDALENA CENTRO
C18: NIT: | I18: =INFORMACIÓN!E8 -> 901.532.463-8
C19: TELÉFONO: | I19: =INFORMACIÓN!E9 -> 3007835072
C20: DIRECCIÓN: | I20: =INFORMACIÓN!E10 -> CARRERA 15 ENTRE CALLE 18 y 19
C21: CIUDAD: | I21: =INFORMACIÓN!E11 -> LA DORADA - CALDAS
C23: Este certificado expresa fielmente el resultado de las mediciones realizadas; no podrá ser reproducido total o parcialmente excepto cuando se haya obtenido permiso por escrito de BTM COLOMBIA ZOMAC S.A.S y se debe reproducir en su totalidad, para proporcionar seguridad de que el certificado no sea sacado de contexto. Los resultados que se encuentran en este certificado se refieren al momento y condiciones en que se realizaron las mediciones, BTM COLOMBIA ZOMAC S.A.S no se responsabiliza de los daños que puedan ser causados por el uso inadecuado de los equipos calibrados. El usuario es responsable de la calibración de sus instrumentos a intervalos apropiados. El laboratorio no se hace responsable por cómo la información suministrada por el cliente afecte los resultados de medición.
C31: REVISÓ Y AUTORIZÓ: | I31: CALIBRADO POR: | M31: =INFORMACIÓN!B15 -> ING. GABRIEL DURÁN
I32: FECHA DE EMISIÓN: | M32: =INFORMACIÓN!B10 -> 0
I33: NÚMERO DE PÁGINAS: | M33: 4
C36: ING. JOHAN SEBASTIÁN PÉREZ
C37: DIRECTOR DE LABORATORIO
O38: =O1 -> CERTIFICADO N°: | R38: =R1 -> 0
B40: 3. CONDICIONES AMBIENTALES
B41: El laboratorio de metrología BTM COLOMBIA ZOMAC S.A.S registra las condiciones ambientales (Humedad y Temperatura) tomando los máximos y mínimos alcanzados durante el tiempo en que se ejecuta la calibración. A continuación se presenta el promedio y la variación resultante.
F45: TEMPERATURA AMBIENTE (°C) | K45: HUMEDAD RELATIVA (%HR)
F46: =AVERAGE(INFORMACIÓN!B11:B12) -> 24.3 | H46: ± | I46: =ABS(INFORMACIÓN!B11-INFORMACIÓN!B12) -> 0.4 | K46: =AVERAGE(INFORMACIÓN!B13:B14) -> 61.5 | M46: ± | N46: =ABS(INFORMACIÓN!B13-INFORMACIÓN!B14) -> 3
F48: La calibración fue realizada en: | K48: En sitio (instalaciones del cliente)
B50: 4. INCERTIDUMBRE DE MEDICIÓN
B51: La incertidumbre expandida de la medición reportada se establece como la incertidumbre estándar de medición multiplicada por el factor de cobertura “k” y la probabilidad de cobertura, la cual debe ser aproximada al 95% y no menor a este valor. La incertidumbre de medición ha sido estimada con un nivel de confianza del 95,45% empleando una distribución t de student. Cuando se hace declaración de cumplimiento, el laboratorio hace referencia a las especificaciones del fabricante, norma o requisitos declarados por el cliente. La regla de decisión aplicada en estos casos será |Error| +U ≤ EMP según la ASME B89 7.3.1, si cumple la anterior condición la medición se toma como conforme y registrará un pasa, en caso contrario se registrará falla. La probabilidad de dar una aceptación falsa o un rechazo falso no lo determina el laboratorio, sin embargo se puede calcular de acuerdo a la guía JCGM 106:2012 según su numeral 8.
B60: 5. PROCEDIMIENTO DE CALIBRACIÓN
B61: La calibración se ejecutó mediante el método de comparación directa con patrón de referencia de acuerdo con el procedimiento interno para resucitador neonatal BTM-P-065.
B64: 6. TRAZABILIDAD
B65: El laboratorio BTM COLOMBIA ZOMAC S.A.S establece la trazabilidad metrológica de sus mediciones al sistema internacional de unidades (SI), por medio de una cadena documentada de calibraciones, las cuales se encuentran referenciadas a patrones de medidas primarios. Esta vinculación se logra a través del uso de patrones calibrados por institutos nacionales de metrología (INM) y por laboratorios acreditados por parte de un organismo de acreditación.
B70: PATRÓN | H70: SERIE | M70: CALIBRACIÓN | P70: CERTIFICADO
B71: =[2]PATRON!G35 -> Analizador de flujo de gases | H71: =[2]PATRON!G38 -> 40712037006 | M71: 46072 | P71: L5602
O76: =O1 -> CERTIFICADO N°: | R76: =R1 -> 0
B79: 7. RESULTADOS DE LA CALIBRACIÓN
B82: Calibración de PIP | I82: Intervalo de medición (cmH2O): | N82: 5 a 40 | P82: Resolución (cmH2O): | S82: 1
B84: Equipo bajo prueba (cmH2O) | D84: Medidas del equipo patrón | L84: *cmH2O= Centímetros de agua
D85: Lectura 1 (cmH2O) | F85: Lectura 2 (cmH2O) | H85: Lectura 3 (cmH2O) | J85: Lectura 4 (cmH2O) | L85: Promedio (cmH2O) | N85: Error (cmH2O) | P85: Incertidumbre Expandida ± | S85: k
B86: =MEDIDA!D6 -> 5 | D86: =MEDIDA!F6 -> 5.3 | F86: =MEDIDA!H6 -> 5.219542 | H86: =MEDIDA!J6 -> 5.2789818 | J86: =MEDIDA!L6 -> 5.2587407 | L86: =MEDIDA!N6 -> 5.2643161 | N86: =MEDIDA!P6 -> 0.26431612 | P86: 0.1 | S86: 2
B87: =MEDIDA!D7 -> 10 | D87: =MEDIDA!F7 -> 10.5 | F87: =MEDIDA!H7 -> 10.510195 | H87: =MEDIDA!J7 -> 10.511921 | J87: =MEDIDA!L7 -> 10.572711 | L87: =MEDIDA!N7 -> 10.523707 | N87: =MEDIDA!P7 -> 0.52370695 | P87: 0.1 | S87: 2
B88: =MEDIDA!D8 -> 20 | D88: =MEDIDA!F8 -> 20.6 | F88: =MEDIDA!H8 -> 20.568033 | H88: =MEDIDA!J8 -> 20.568033 | J88: =MEDIDA!L8 -> 20.551965 | L88: =MEDIDA!N8 -> 20.572008 | N88: =MEDIDA!P8 -> 0.57200792 | P88: 0.1 | S88: 2
B89: =MEDIDA!D9 -> 40 | D89: =MEDIDA!F9 -> 40.9 | F89: =MEDIDA!H9 -> 40.893743 | H89: =MEDIDA!J9 -> 40.893743 | J89: =MEDIDA!L9 -> 40.888192 | L89: =MEDIDA!N9 -> 40.893919 | N89: =MEDIDA!P9 -> 0.89391949 | P89: 0.1 | S89: 2
B98: 8. INFORMACIÓN ADICIONAL
B100: Declaración de cumplimiento según: | I100: N/A
B101: Datos Suministrados por el cliente: | I101: N/A
B102: Comentarios: | I102: N/A
B103: Factor de conversión: | I103: 1 cmH2O = 98,0665 Pa
B106: *** FIN DEL CERTIFICADO ***
