Workbook
Name Instrumento: '[1]R-LAB-127 DENSIDAD AIRE'!#REF!
Name Instrumento: '[1]R-LAB-127 DENSIDAD AIRE'!#REF!
Name Instrumento.: '[1]R-LAB-127 DENSIDAD AIRE'!#REF!
Name Instrumento.: '[1]R-LAB-127 DENSIDAD AIRE'!#REF!
Name N: #REF!
Name N: #REF!

Sheet INFORMACIÓN
A1: Datos del item | O1: En sitio ( instalaciones del cliente)
A2: Intrumento | B2: Marca | C2: Modelo | D2: Serie | E2: Ubicación | F2: Inventario | G2: Número de Certificado | H2: Fecha de Recepción | O2: Laboratorio BTMC
O4: BUEN ESTADO
O5: REGULAR ESTADO
A6: Datos de calibración | D6: Datos del cliente | O6: MAL ESTADO
A7: Lugar de calibración: | B7: En sitio ( instalaciones del cliente) | D7: Solicitante: | E7: HOSPITAL DE ALTA COMPLEJIDAD DEL MAGDALENA CENTRO
A8: Estado Físico: | B8: BUEN ESTADO | D8: Nit: | E8: 901.532.463-8
A9: Fecha de calibración: | B9: =H3 -> 0 | D9: Telefono: | E9: 3007835072
A10: Fecha de emisión: | B10: =H3 -> 0 | D10: Dirección: | E10: CARRERA 15 ENTRE CALLE 18 y 19
A11: Temperatura mínima: | B11: 24.1 | D11: Ciudad: | E11: LA DORADA - CALDAS
A12: Temperatura máxima: | B12: 24.5
A13: Humedad Mínima: | B13: 60
A14: Humedad Máxima: | B14: 63
A15: Calibración realiza por: | B15: ING. GABRIEL DURÁN

Sheet Redondeo
A1: DATO 1
A2: Dato | B2: Dato redondeado | C2: =FIXED(A3,6) -> #REF! | D2: =RIGHT(C2,1) -> #REF! | E2: =D2/1000000 -> #REF! | F2: =A3-E2 -> #REF! | H2: =IF(C7=5,IF(AND(D3=0,D8=FALSE),J5,J6),J6) -> #REF!
A3: =#REF! -> #REF! | B3: =IF(A3>=10,K37,IF(A3>=1,K29,IF(A3>=0.1,K21,IF(A3>=0.01,K13,IF(A3>=0.001,K5))))) -> #REF! | C3: 6 decimal | D3: =D2+0 -> #REF!
C4: Extrae el ultimo digito | D4: extrael primer digito | E4: parte entera | F4: Parte decimal | G4: cantidad de decimales | H4: decimales en enteros | I4: restar ultimo numero | J4: Elimar ultimo digito | K4: Dato Final
C5: =RIGHT(F2,2) -> #REF! | D5: =LEFT(C5,1) -> #REF! | E5: =TRUNC(A3) -> #REF! | F5: =FIXED(A3-E5,G5) -> #REF! | G5: =ABS(E8-F8) -> #REF! | H5: =RIGHT(A3,G5) -> #REF! | I5: 5e-05 | J5: =(A3-I5) -> #REF! | K5: =IF(C7=5,IF(AND(D3=0,D8=FALSE),J5,J6),J6) -> #REF!
C6: =RIGHT(C5,1) -> #REF! | D6: =D5+0 -> #REF! | J6: =FIXED(A3,4) -> #REF!
C7: =C6+0 -> #REF! | D7: es impar? | E7: Largo dato original | F7: largo parte enetero y decimal
D8: =ISODD(D5) -> #REF! | E8: =LEN(A3) -> #REF! | F8: =LEN(E5)+1 -> #REF!
A10: 4 Decimales
A11: =K5 -> #REF! | C11: =FIXED(A3,5) -> #REF! | D11: =RIGHT(C11,1) -> #REF! | E11: =D11+0 -> #REF!
C12: Extrae el ultimo digito | D12: extrael primer digito | E12: parte entera | F12: Parte decimal | G12: cantidad de decimales | H12: decimales en enteros | I12: restar ultimo numero | J12: Elimar ultimo digito | K12: Dato Final
C13: =RIGHT(A11,2) -> #REF! | D13: =LEFT(C13,1) -> #REF! | E13: =TRUNC(A11) -> #REF! | F13: =FIXED(A11-E13,G13) -> #REF! | G13: =ABS(E16-F16) -> #REF! | H13: =RIGHT(A11,G13) -> #REF! | I13: 0.0005 | J13: =(A11-I13) -> #REF! | K13: =IF(C15=5,IF(AND(E11=0,D16=FALSE),J13,J14),J14) -> #REF!
C14: =RIGHT(C13,1) -> #REF! | D14: =D13+0 -> #REF! | J14: =FIXED(A11,3) -> #REF!
C15: =C14+0 -> #REF! | D15: es impar? | E15: Largo dato original | F15: largo parte enetero y decimal
D16: =ISODD(D13) -> #REF! | E16: =LEN(A11) -> #REF! | F16: =LEN(E13)+1 -> #REF!
A18: 3 Decimales
A19: =K13 -> #REF! | C19: =FIXED(A11,4) -> #REF! | D19: =RIGHT(C19,1) -> #REF! | E19: =D19+0 -> #REF!
C20: Extrae el ultimo digito | D20: extrael primer digito | E20: parte entera | F20: Parte decimal | G20: cantidad de decimales | H20: decimales en enteros | I20: restar ultimo numero | J20: Elimar ultimo digito | K20: Dato Final
C21: =RIGHT(A19,2) -> #REF! | D21: =LEFT(C21,1) -> #REF! | E21: =TRUNC(A19) -> #REF! | F21: =FIXED(A19-E21,G21) -> #REF! | G21: =ABS(E24-F24) -> #REF! | H21: =RIGHT(A19,G21) -> #REF! | I21: 0.005 | J21: =(A19-I21) -> #REF! | K21: =IF(C23=5,IF(AND(E19=0,D24=FALSE),J21,J22),J22) -> #REF!
C22: =RIGHT(C21,1) -> #REF! | D22: =D21+0 -> #REF! | J22: =FIXED(A19,2) -> #REF!
C23: =C22+0 -> #REF! | D23: es impar? | E23: Largo dato original | F23: largo parte enetero y decimal
D24: =ISODD(D21) -> #REF! | E24: =LEN(A19) -> #REF! | F24: =LEN(E21)+1 -> #REF!
A26: 2 Decimales
A27: =K21 -> #REF! | C27: =FIXED(A19,3) -> #REF! | D27: =RIGHT(C27,1) -> #REF! | E27: =D27+0 -> #REF!
C28: Extrae el ultimo digito | D28: extrael primer digito | E28: parte entera | F28: Parte decimal | G28: cantidad de decimales | H28: decimales en enteros | I28: restar ultimo numero | J28: Elimar ultimo digito | K28: Dato Final
C29: =RIGHT(A27,2) -> #REF! | D29: =LEFT(C29,1) -> #REF! | E29: =TRUNC(A27) -> #REF! | F29: =FIXED(A27-E29,G29) -> #REF! | G29: =ABS(E32-F32) -> #REF! | H29: =RIGHT(A27,G29) -> #REF! | I29: 0.05 | J29: =(A27-I29) -> #REF! | K29: =IF(C31=5,IF(AND(E27=0,D32=FALSE),J29,J30),J30) -> #REF!
C30: =RIGHT(C29,1) -> #REF! | D30: =D29+0 -> #REF! | J30: =FIXED(A27,1) -> #REF!
C31: =C30+0 -> #REF! | D31: es impar? | E31: Largo dato original | F31: largo parte enetero y decimal
D32: =ISODD(D29) -> #REF! | E32: =LEN(A27) -> #REF! | F32: =LEN(E29)+1 -> #REF!
A34: 1 Decimales
A35: =K29 -> #REF! | C35: =FIXED(A27,2) -> #REF! | D35: =RIGHT(C35,1) -> #REF! | E35: =D35+0 -> #REF!
C36: Extrae el ultimo digito | D36: extrael primer digito | E36: parte entera | F36: Parte decimal | G36: cantidad de decimales | H36: decimales en enteros | I36: restar ultimo numero | J36: Elimar ultimo digito | K36: Dato Final
C37: =RIGHT(A35,2) -> #REF! | D37: =RIGHT(E37,1) -> #REF! | E37: =TRUNC(A35) -> #REF! | F37: =FIXED(A35-E37,G37) -> #REF! | G37: =ABS(E40-F40) -> #REF! | H37: =RIGHT(A35,G37) -> #REF! | I37: 0.5 | J37: =(A35-I37) -> #REF! | K37: =IF(C39=5,IF(AND(E35=0,D40=FALSE),J37,J38),J38) -> #REF!
C38: =RIGHT(C37,1) -> #REF! | D38: =D37+0 -> #REF! | J38: =FIXED(A35,0) -> #REF!
C39: =C38+0 -> #REF! | D39: es impar? | E39: Largo dato original | F39: largo parte enetero y decimal
D40: =ISODD(D37) -> #REF! | E40: =LEN(A35) -> #REF! | F40: =LEN(E37)+1 -> #REF!
A41: DATO 2
A42: Dato | B42: Dato redondeado | C42: =FIXED(A43,6) -> #REF! | D42: =RIGHT(C42,1) -> #REF! | E42: =D42/1000000 -> #REF! | F42: =A43-E42 -> #REF! | H42: =IF(C47=5,IF(AND(D43=0,D48=FALSE),J45,J46),J46) -> #REF!
A43: =#REF! -> #REF! | B43: =IF(A43>=10,K77,IF(A43>=1,K69,IF(A43>=0.1,K61,IF(A43>=0.01,K53,IF(A43>=0.001,K45))))) -> #REF! | C43: 6 decimal | D43: =D42+0 -> #REF!
C44: Extrae el ultimo digito | D44: extrael primer digito | E44: parte entera | F44: Parte decimal | G44: cantidad de decimales | H44: decimales en enteros | I44: restar ultimo numero | J44: Elimar ultimo digito | K44: Dato Final
C45: =RIGHT(F42,2) -> #REF! | D45: =LEFT(C45,1) -> #REF! | E45: =TRUNC(A43) -> #REF! | F45: =FIXED(A43-E45,G45) -> #REF! | G45: =ABS(E48-F48) -> #REF! | H45: =RIGHT(A43,G45) -> #REF! | I45: 5e-05 | J45: =(A43-I45) -> #REF! | K45: =IF(C47=5,IF(AND(D43=0,D48=FALSE),J45,J46),J46) -> #REF!
C46: =RIGHT(C45,1) -> #REF! | D46: =D45+0 -> #REF! | J46: =FIXED(A43,4) -> #REF!
C47: =C46+0 -> #REF! | D47: es impar? | E47: Largo dato original | F47: largo parte enetero y decimal
D48: =ISODD(D45) -> #REF! | E48: =LEN(A43) -> #REF! | F48: =LEN(E45)+1 -> #REF!
A50: 4 Decimales
A51: =K45 -> #REF! | C51: =FIXED(A43,5) -> #REF! | D51: =RIGHT(C51,1) -> #REF! | E51: =D51+0 -> #REF!
C52: Extrae el ultimo digito | D52: extrael primer digito | E52: parte entera | F52: Parte decimal | G52: cantidad de decimales | H52: decimales en enteros | I52: restar ultimo numero | J52: Elimar ultimo digito | K52: Dato Final
C53: =RIGHT(A51,2) -> #REF! | D53: =LEFT(C53,1) -> #REF! | E53: =TRUNC(A51) -> #REF! | F53: =FIXED(A51-E53,G53) -> #REF! | G53: =ABS(E56-F56) -> #REF! | H53: =RIGHT(A51,G53) -> #REF! | I53: 0.0005 | J53: =(A51-I53) -> #REF! | K53: =IF(C55=5,IF(AND(E51=0,D56=FALSE),J53,J54),J54) -> #REF!
C54: =RIGHT(C53,1) -> #REF! | D54: =D53+0 -> #REF! | J54: =FIXED(A51,3) -> #REF!
C55: =C54+0 -> #REF! | D55: es impar? | E55: Largo dato original | F55: largo parte enetero y decimal
D56: =ISODD(D53) -> #REF! | E56: =LEN(A51) -> #REF! | F56: =LEN(E53)+1 -> #REF!
A58: 3 Decimales
A59: =K53 -> #REF! | C59: =FIXED(A51,4) -> #REF! | D59: =RIGHT(C59,1) -> #REF! | E59: =D59+0 -> #REF!
C60: Extrae el ultimo digito | D60: extrael primer digito | E60: parte entera | F60: Parte decimal | G60: cantidad de decimales | H60: decimales en enteros | I60: restar ultimo numero | J60: Elimar ultimo digito | K60: Dato Final
C61: =RIGHT(A59,2) -> #REF! | D61: =LEFT(C61,1) -> #REF! | E61: =TRUNC(A59) -> #REF! | F61: =FIXED(A59-E61,G61) -> #REF! | G61: =ABS(E64-F64) -> #REF! | H61: =RIGHT(A59,G61) -> #REF! | I61: 0.005 | J61: =(A59-I61) -> #REF! | K61: =IF(C63=5,IF(AND(E59=0,D64=FALSE),J61,J62),J62) -> #REF!
C62: =RIGHT(C61,1) -> #REF! | D62: =D61+0 -> #REF! | J62: =FIXED(A59,2) -> #REF!
C63: =C62+0 -> #REF! | D63: es impar? | E63: Largo dato original | F63: largo parte enetero y decimal
D64: =ISODD(D61) -> #REF! | E64: =LEN(A59) -> #REF! | F64: =LEN(E61)+1 -> #REF!
A66: 2 Decimales
A67: =K61 -> #REF! | C67: =FIXED(A59,3) -> #REF! | D67: =RIGHT(C67,1) -> #REF! | E67: =D67+0 -> #REF!
C68: Extrae el ultimo digito | D68: extrael primer digito | E68: parte entera | F68: Parte decimal | G68: cantidad de decimales | H68: decimales en enteros | I68: restar ultimo numero | J68: Elimar ultimo digito | K68: Dato Final
C69: =RIGHT(A67,2) -> #REF! | D69: =LEFT(C69,1) -> #REF! | E69: =TRUNC(A67) -> #REF! | F69: =FIXED(A67-E69,G69) -> #REF! | G69: =ABS(E72-F72) -> #REF! | H69: =RIGHT(A67,G69) -> #REF! | I69: 0.05 | J69: =(A67-I69) -> #REF! | K69: =IF(C71=5,IF(AND(E67=0,D72=FALSE),J69,J70),J70) -> #REF!
C70: =RIGHT(C69,1) -> #REF! | D70: =D69+0 -> #REF! | J70: =FIXED(A67,1) -> #REF!
C71: =C70+0 -> #REF! | D71: es impar? | E71: Largo dato original | F71: largo parte enetero y decimal
D72: =ISODD(D69) -> #REF! | E72: =LEN(A67) -> #REF! | F72: =LEN(E69)+1 -> #REF!
A74: 1 Decimales
A75: =K69 -> #REF! | C75: =FIXED(A67,2) -> #REF! | D75: =RIGHT(C75,1) -> #REF! | E75: =D75+0 -> #REF!
C76: Extrae el ultimo digito | D76: extrael primer digito | E76: parte entera | F76: Parte decimal | G76: cantidad de decimales | H76: decimales en enteros | I76: restar ultimo numero | J76: Elimar ultimo digito | K76: Dato Final
C77: =RIGHT(A75,2) -> #REF! | D77: =RIGHT(E77,1) -> #REF! | E77: =TRUNC(A75) -> #REF! | F77: =FIXED(A75-E77,G77) -> #REF! | G77: =ABS(E80-F80) -> #REF! | H77: =RIGHT(A75,G77) -> #REF! | I77: 0.5 | J77: =(A75-I77) -> #REF! | K77: =IF(C79=5,IF(AND(E75=0,D80=FALSE),J77,J78),J78) -> #REF!
C78: =RIGHT(C77,1) -> #REF! | D78: =D77+0 -> #REF! | J78: =FIXED(A75,0) -> #REF!
C79: =C78+0 -> #REF! | D79: es impar? | E79: Largo dato original | F79: largo parte enetero y decimal
D80: =ISODD(D77) -> #REF! | E80: =LEN(A75) -> #REF! | F80: =LEN(E77)+1 -> #REF!
A81: DATO 3
A82: Dato | B82: Dato redondeado | C82: =FIXED(A83,6) -> #REF! | D82: =RIGHT(C82,1) -> #REF! | E82: =D82/1000000 -> #REF! | F82: =A83-E82 -> #REF! | H82: =IF(C87=5,IF(AND(D83=0,D88=FALSE),J85,J86),J86) -> #REF!
A83: =#REF! -> #REF! | B83: =IF(A83>=10,K117,IF(A83>=1,K109,IF(A83>=0.1,K101,IF(A83>=0.01,K93,IF(A83>=0.001,K85))))) -> #REF! | C83: 6 decimal | D83: =D82+0 -> #REF!
C84: Extrae el ultimo digito | D84: extrael primer digito | E84: parte entera | F84: Parte decimal | G84: cantidad de decimales | H84: decimales en enteros | I84: restar ultimo numero | J84: Elimar ultimo digito | K84: Dato Final
C85: =RIGHT(F82,2) -> #REF! | D85: =LEFT(C85,1) -> #REF! | E85: =TRUNC(A83) -> #REF! | F85: =FIXED(A83-E85,G85) -> #REF! | G85: =ABS(E88-F88) -> #REF! | H85: =RIGHT(A83,G85) -> #REF! | I85: 5e-05 | J85: =(A83-I85) -> #REF! | K85: =IF(C87=5,IF(AND(D83=0,D88=FALSE),J85,J86),J86) -> #REF!
C86: =RIGHT(C85,1) -> #REF! | D86: =D85+0 -> #REF! | J86: =FIXED(A83,4) -> #REF!
C87: =C86+0 -> #REF! | D87: es impar? | E87: Largo dato original | F87: largo parte enetero y decimal
D88: =ISODD(D85) -> #REF! | E88: =LEN(A83) -> #REF! | F88: =LEN(E85)+1 -> #REF!
A90: 4 Decimales
A91: =K85 -> #REF! | C91: =FIXED(A83,5) -> #REF! | D91: =RIGHT(C91,1) -> #REF! | E91: =D91+0 -> #REF!
C92: Extrae el ultimo digito | D92: extrael primer digito | E92: parte entera | F92: Parte decimal | G92: cantidad de decimales | H92: decimales en enteros | I92: restar ultimo numero | J92: Elimar ultimo digito | K92: Dato Final
C93: =RIGHT(A91,2) -> #REF! | D93: =LEFT(C93,1) -> #REF! | E93: =TRUNC(A91) -> #REF! | F93: =FIXED(A91-E93,G93) -> #REF! | G93: =ABS(E96-F96) -> #REF! | H93: =RIGHT(A91,G93) -> #REF! | I93: 0.0005 | J93: =(A91-I93) -> #REF! | K93: =IF(C95=5,IF(AND(E91=0,D96=FALSE),J93,J94),J94) -> #REF!
C94: =RIGHT(C93,1) -> #REF! | D94: =D93+0 -> #REF! | J94: =FIXED(A91,3) -> #REF!
C95: =C94+0 -> #REF! | D95: es impar? | E95: Largo dato original | F95: largo parte enetero y decimal
D96: =ISODD(D93) -> #REF! | E96: =LEN(A91) -> #REF! | F96: =LEN(E93)+1 -> #REF!
A98: 3 Decimales
A99: =K93 -> #REF! | C99: =FIXED(A91,4) -> #REF! | D99: =RIGHT(C99,1) -> #REF! | E99: =D99+0 -> #REF!
C100: Extrae el ultimo digito | D100: extrael primer digito | E100: parte entera | F100: Parte decimal | G100: cantidad de decimales | H100: decimales en enteros | I100: restar ultimo numero | J100: Elimar ultimo digito | K100: Dato Final
C101: =RIGHT(A99,2) -> #REF! | D101: =LEFT(C101,1) -> #REF! | E101: =TRUNC(A99) -> #REF! | F101: =FIXED(A99-E101,G101) -> #REF! | G101: =ABS(E104-F104) -> #REF! | H101: =RIGHT(A99,G101) -> #REF! | I101: 0.005 | J101: =(A99-I101) -> #REF! | K101: =IF(C103=5,IF(AND(E99=0,D104=FALSE),J101,J102),J102) -> #REF!
C102: =RIGHT(C101,1) -> #REF! | D102: =D101+0 -> #REF! | J102: =FIXED(A99,2) -> #REF!
C103: =C102+0 -> #REF! | D103: es impar? | E103: Largo dato original | F103: largo parte enetero y decimal
D104: =ISODD(D101) -> #REF! | E104: =LEN(A99) -> #REF! | F104: =LEN(E101)+1 -> #REF!
A106: 2 Decimales
A107: =K101 -> #REF! | C107: =FIXED(A99,3) -> #REF! | D107: =RIGHT(C107,1) -> #REF! | E107: =D107+0 -> #REF!
C108: Extrae el ultimo digito | D108: extrael primer digito | E108: parte entera | F108: Parte decimal | G108: cantidad de decimales | H108: decimales en enteros | I108: restar ultimo numero | J108: Elimar ultimo digito | K108: Dato Final
C109: =RIGHT(A107,2) -> #REF! | D109: =LEFT(C109,1) -> #REF! | E109: =TRUNC(A107) -> #REF! | F109: =FIXED(A107-E109,G109) -> #REF! | G109: =ABS(E112-F112) -> #REF! | H109: =RIGHT(A107,G109) -> #REF! | I109: 0.05 | J109: =(A107-I109) -> #REF! | K109: =IF(C111=5,IF(AND(E107=0,D112=FALSE),J109,J110),J110) -> #REF!
C110: =RIGHT(C109,1) -> #REF! | D110: =D109+0 -> #REF! | J110: =FIXED(A107,1) -> #REF!
C111: =C110+0 -> #REF! | D111: es impar? | E111: Largo dato original | F111: largo parte enetero y decimal
...

Sheet CERTIFICADO
O1: CERTIFICADO N°: | R1: =INFORMACIÓN!G3 -> 0
C3: 1. EQUIPO BAJO PRUEBA
C5: INSTRUMENTO: | I5: =INFORMACIÓN!A3 -> 0
C6: MARCA: | I6: =INFORMACIÓN!B3 -> 0
C7: MODELO: | I7: =INFORMACIÓN!C3 -> 0
C8: SERIE: | I8: =INFORMACIÓN!D3 -> 0
C9: CÓDIGO INTERNO: | I9: =INFORMACIÓN!F3 -> 0
C10: UBICACIÓN: | I10: =INFORMACIÓN!E3 -> 0
C11: ESTADO FÍSICO: | I11: =INFORMACIÓN!B8 -> BUEN ESTADO
C12: FECHA DE RECEPCIÓN: | I12: =INFORMACIÓN!H3 -> 0
C13: FECHA DE CALIBRACIÓN: | I13: =INFORMACIÓN!B9 -> 0
C15: 2. DATOS DEL CLIENTE
C17: NOMBRE: | I17: HOSPITAL DE ALTA COMPLEJIDAD DEL MAGDALENA CENTRO
C18: NIT: | I18: =INFORMACIÓN!E8 -> 901.532.463-8
C19: TELÉFONO: | I19: =INFORMACIÓN!E9 -> 3007835072
C20: DIRECCIÓN: | I20: =INFORMACIÓN!E10 -> CARRERA 15 ENTRE CALLE 18 y 19
C21: CIUDAD: | I21: =INFORMACIÓN!E11 -> LA DORADA - CALDAS
C23: Este certificado expresa fielmente el resultado de las mediciones realizadas; no podrá ser reproducido total o parcialmente excepto cuando se haya obtenido permiso por escrito de BTM COLOMBIA ZOMAC S.A.S y se debe reproducir en su totalidad, para proporcionar seguridad de que el certificado no sea sacado de contexto. Los resultados que se encuentran en este certificado se refieren al momento y condiciones en que se realizaron las mediciones, BTM COLOMBIA ZOMAC S.A.S no se responsabiliza de los daños que puedan ser causados por el uso inadecuado de los equipos calibrados. El usuario es responsable de la calibración de sus instrumentos a intervalos apropiados. El laboratorio no se hace responsable por cómo la información suministrada por el cliente afecte los resultados de medición.
C31: REVISÓ Y AUTORIZÓ: | I31: CALIBRADO POR: | M31: =INFORMACIÓN!B15 -> ING. GABRIEL DURÁN
I32: FECHA DE EMISIÓN: | M32: =INFORMACIÓN!B10 -> 0
I33: NÚMERO DE PÁGINAS: | M33: 4
C36: ING. JOHAN SEBASTIÁN PÉREZ
C37: DIRECTOR DE LABORATORIO
O38: =O1 -> CERTIFICADO N°: | R38: =R1 -> 0
B40: 3. CONDICIONES AMBIENTALES
B41: El laboratorio de metrología BTM COLOMBIA ZOMAC S.A.S registra las condiciones ambientales (Humedad y Temperatura) tomando los máximos y mínimos alcanzados durante el tiempo en que se ejecuta la calibración. A continuación se presenta el promedio y la variación resultante.
F45: TEMPERATURA AMBIENTE (°C) | K45: HUMEDAD RELATIVA (%HR)
F46: =AVERAGE(INFORMACIÓN!B11:B12) -> 24.3 | H46: ± | I46: =ABS(INFORMACIÓN!B11-INFORMACIÓN!B12) -> 0.4 | K46: =AVERAGE(INFORMACIÓN!B13:B14) -> 61.5 | M46: ± | N46: =ABS(INFORMACIÓN!B13-INFORMACIÓN!B14) -> 3
F48: La calibración fue realizada en: | K48: En sitio (instalaciones del cliente)
B50: 4. INCERTIDUMBRE DE MEDICIÓN
B51: La incertidumbre expandida de la medición reportada se establece como la incertidumbre estándar de medición multiplicada por el factor de cobertura “k” y la probabilidad de cobertura, la cual debe ser aproximada al 95% y no menor a este valor. La incertidumbre de medición ha sido estimada con un nivel de confianza del 95,45% empleando una distribución t de Student. Cuando se hace declaración de cumplimiento, el laboratorio hace referencia a las especificaciones del fabricante, norma o requisitos declarados por el cliente. La regla de decisión aplicada en estos casos será |Error| +U ≤ EMP según la ASME B89 7.3.1, si cumple la anterior condición la medición se toma como conforme y registrará un pasa, en caso contrario se registrará falla. La probabilidad de dar una aceptación falsa o un rechazo falso no lo determina el laboratorio, sin embargo se puede calcular de acuerdo a la guía JCGM 106:2012 según su numeral 8.
B60: 5. PROCEDIMIENTO DE CALIBRACIÓN
B61: La calibración se ejecutó mediante el método de comparación directa con patrón de referencia de acuerdo con el procedimiento interno seguridad eléctrica BTM-P-061.
B64: 6. TRAZABILIDAD
B65: El laboratorio BTM COLOMBIA ZOMAC S.A.S establece la trazabilidad metrológica de sus mediciones al sistema internacional de unidades (SI), por medio de una cadena documentada de calibraciones, las cuales se encuentran referenciadas a patrones de medidas primarios. Esta vinculación se logra a través del uso de patrones calibrados por institutos nacionales de metrología (INM) y por laboratorios acreditados por parte de un organismo de acreditación.
B71: PATRÓN | H71: SERIE | M71: CALIBRACIÓN | P71: CERTIFICADO
B72: Analizador de Seguridad Eléctrica | H72: 953401 | M72: 45777 | P72: J20404-25
O76: =O1 -> CERTIFICADO N°: | R76: =R1 -> 0
B78: 7. RESULTADOS DE LA CALIBRACIÓN
B80: Consumo de Corriente (A): | F80: =RAND()*0.3+ 0.4 -> 0.64550395 | H80: Toma corriente: | K80: Buen estado | N80: Etiquetado: | Q80: Buen estado
B81: Resistencia a tierra (Ω): | F81: =RAND()*0.1 + 0.01 -> 0.025844141 | H81: Cable de poder: | K81: Buen estado | N81: Clavija y pines: | Q81: Buen estado
E85: Parámetro | I85: Patrón (V) | K85: Incertidumbre Expandida ± | O85: k
E86: Fase-Neutro | I86: =RAND()*1 + 121.5 -> 121.87792 | K86: 0.43 | O86: 2
E87: Fase-Tierra | I87: =RAND()*1 + 121.5 -> 122.06493 | K87: 0.43 | O87: 2
E88: Neutro-tierra | I88: 0 | K88: 0.43 | O88: 2
E92: Parámetro | I92: Patrón(µA) | K92: Incertidumbre Expandida ± | O92: k
E93: Tierra abierta | I93: =ROUND(RAND() * (60 - 40) + 40, 1) -> 43 | K93: 0.06 | O93: 2
E94: Neutro abierto | I94: 0 | K94: 0.06 | O94: 2
E95: Tierra y Neutro abierto | I95: =ROUND(RAND() * 20 + 90, 1) -> 106.7 | K95: 0.06 | O95: 2
B97: PRUEBA DE FUGA DE CHASÍS POLARIDAD INVERSA
E99: Parámetro | I99: Patrón(µA) | K99: Incertidumbre Expandida ± | O99: k
E100: Tierra abierta | I100: =I93+(RAND()*5 - 2.5) -> 44.280723 | K100: 0.06 | O100: 2
E101: Neutro abierto | I101: 0 | K101: 0.06 | O101: 2
E102: Tierra y Neutro abierto | I102: =I95+(RAND()*5 - 2.5) -> 108.88141 | K102: 0.06 | O102: 2
B105: PRUEBA DE FUGA DE CABLE A TIERRA
D107: Parámetro | I107: Patrón(µA) | K107: Incertidumbre Expandida ± | O107: k
D108: Polaridad normal | I108: =I93+(RAND()*5 - 2.5) -> 42.261989 | K108: 0.06 | O108: 2
D109: Polaridad normal neutro abierto | I109: =I95+(RAND()*5 - 2.5) -> 105.3745 | K109: 0.06 | O109: 2
D110: Polaridad inversa | I110: =I93+(RAND()*5 - 2.5) -> 41.445599 | K110: 0.06 | O110: 2
D111: Polaridad inversa neutro abierto | I111: =I95+(RAND()*5 - 2.5) -> 108.93888 | K111: 0.06 | O111: 2
O118: =O76 -> CERTIFICADO N°: | R118: =R76 -> 0
B120: PRUEBA DE FUGA DE PACIENTE
E122: Parámetro | H122: Patrón(µA) | J122: Incertidumbre Expandida ± | N122: k
E123: RA----Gnd | H123: =RAND()*0.5 + 0.1 -> 0.42166929 | J123: 0.06 | N123: 2
E124: RL----Gnd | H124: =RAND()*0.5 + 0.1 -> 0.25771619 | J124: 0.06 | N124: 2
E125: LA----Gnd | H125: =RAND()*0.5 + 0.1 -> 0.1355716 | J125: 0.06 | N125: 2
E126: LL----Gnd | H126: =RAND()*0.5 + 0.1 -> 0.18530863 | J126: 0.06 | N126: 2
E127: V1/V6 ---- Gnd | H127: =RAND()*0.5 + 0.1 -> 0.48397005 | J127: 0.06 | N127: 2
B136: *** FIN DEL CERTIFICADO ***
