Workbook
Name Instrumento: '[1]R-LAB-127 DENSIDAD AIRE'!#REF!
Name Instrumento: '[1]R-LAB-127 DENSIDAD AIRE'!#REF!
Name Instrumento.: '[1]R-LAB-127 DENSIDAD AIRE'!#REF!
Name Instrumento.: '[1]R-LAB-127 DENSIDAD AIRE'!#REF!
Name N: #REF!
Name N: #REF!

Sheet INFORMACIÓN
A1: Datos del item | O1: En sitio ( instalaciones del cliente)
A2: Intrumento | B2: Marca | C2: Modelo | D2: Serie | E2: Ubicación | F2: Inventario | G2: Número de Certificado | H2: Fecha de Recepción | O2: Laboratorio BTMC
O4: BUEN ESTADO
O5: REGULAR ESTADO
A6: Datos de calibración | D6: Datos del cliente | O6: MAL ESTADO
A7: Lugar de calibración: | B7: En sitio ( instalaciones del cliente) | D7: Solicitante:
A8: Estado Físico: | B8: BUEN ESTADO | D8: Nit:
A9: Fecha de calibración: | B9: =H3 -> 0 | D9: Telefono:
A10: Fecha de emisión: | B10: =H3 -> 0 | D10: Dirección:
A11: Temperatura mínima: | B11: 24.1 | D11: Ciudad:
A12: Temperatura máxima: | B12: 24.5
A13: Humedad Mínima: | B13: 60
A14: Humedad Máxima: | B14: 63
A15: Calibración realiza por: | B15: ING. GABRIEL DURÁN

Sheet Redondeo
A1: DATO 1
A2: Dato | B2: Dato redondeado | C2: =FIXED(A3,6) -> 0,388483 | D2: =RIGHT(C2,1) -> 3 | E2: =D2/1000000 -> 3e-06 | F2: =A3-E2 -> 0.38848014 | H2: =IF(C7=5,IF(AND(D3=0,D8=FALSE),J5,J6),J6) -> 0,3885
A3: =INCERTIDUMBRE!L5 -> 0.38848314 | B3: =IF(A3>=10,K37,IF(A3>=1,K29,IF(A3>=0.1,K21,IF(A3>=0.01,K13,IF(A3>=0.001,K5))))) -> 0,39 | C3: 6 decimal | D3: =D2+0 -> 3
C4: Extrae el ultimo digito | D4: extrael primer digito | E4: parte entera | F4: Parte decimal | G4: cantidad de decimales | H4: decimales en enteros | I4: restar ultimo numero | J4: Elimar ultimo digito | K4: Dato Final
C5: =RIGHT(F2,2) -> 05 | D5: =LEFT(C5,1) -> 0 | E5: =TRUNC(A3) -> 0 | F5: =FIXED(A3-E5,G5) -> 0,38848313526405 | G5: =ABS(E8-F8) -> 14 | H5: =RIGHT(A3,G5) -> 38848313526405 | I5: 5e-05 | J5: =(A3-I5) -> 0.38843314 | K5: =IF(C7=5,IF(AND(D3=0,D8=FALSE),J5,J6),J6) -> 0,3885
C6: =RIGHT(C5,1) -> 5 | D6: =D5+0 -> 0 | J6: =FIXED(A3,4) -> 0,3885
C7: =C6+0 -> 5 | D7: es impar? | E7: Largo dato original | F7: largo parte enetero y decimal
D8: =ISODD(D5) -> FALSE | E8: =LEN(A3) -> 16 | F8: =LEN(E5)+1 -> 2
A10: 4 Decimales
A11: =K5 -> 0,3885 | C11: =FIXED(A3,5) -> 0,38848 | D11: =RIGHT(C11,1) -> 8 | E11: =D11+0 -> 8
C12: Extrae el ultimo digito | D12: extrael primer digito | E12: parte entera | F12: Parte decimal | G12: cantidad de decimales | H12: decimales en enteros | I12: restar ultimo numero | J12: Elimar ultimo digito | K12: Dato Final
C13: =RIGHT(A11,2) -> 85 | D13: =LEFT(C13,1) -> 8 | E13: =TRUNC(A11) -> 0 | F13: =FIXED(A11-E13,G13) -> 0,3885 | G13: =ABS(E16-F16) -> 4 | H13: =RIGHT(A11,G13) -> 3885 | I13: 0.0005 | J13: =(A11-I13) -> 0.388 | K13: =IF(C15=5,IF(AND(E11=0,D16=FALSE),J13,J14),J14) -> 0,389
C14: =RIGHT(C13,1) -> 5 | D14: =D13+0 -> 8 | J14: =FIXED(A11,3) -> 0,389
C15: =C14+0 -> 5 | D15: es impar? | E15: Largo dato original | F15: largo parte enetero y decimal
D16: =ISODD(D13) -> FALSE | E16: =LEN(A11) -> 6 | F16: =LEN(E13)+1 -> 2
A18: 3 Decimales
A19: =K13 -> 0,389 | C19: =FIXED(A11,4) -> 0,3885 | D19: =RIGHT(C19,1) -> 5 | E19: =D19+0 -> 5
C20: Extrae el ultimo digito | D20: extrael primer digito | E20: parte entera | F20: Parte decimal | G20: cantidad de decimales | H20: decimales en enteros | I20: restar ultimo numero | J20: Elimar ultimo digito | K20: Dato Final
C21: =RIGHT(A19,2) -> 89 | D21: =LEFT(C21,1) -> 8 | E21: =TRUNC(A19) -> 0 | F21: =FIXED(A19-E21,G21) -> 0,389 | G21: =ABS(E24-F24) -> 3 | H21: =RIGHT(A19,G21) -> 389 | I21: 0.005 | J21: =(A19-I21) -> 0.384 | K21: =IF(C23=5,IF(AND(E19=0,D24=FALSE),J21,J22),J22) -> 0,39
C22: =RIGHT(C21,1) -> 9 | D22: =D21+0 -> 8 | J22: =FIXED(A19,2) -> 0,39
C23: =C22+0 -> 9 | D23: es impar? | E23: Largo dato original | F23: largo parte enetero y decimal
D24: =ISODD(D21) -> FALSE | E24: =LEN(A19) -> 5 | F24: =LEN(E21)+1 -> 2
A26: 2 Decimales
A27: =K21 -> 0,39 | C27: =FIXED(A19,3) -> 0,389 | D27: =RIGHT(C27,1) -> 9 | E27: =D27+0 -> 9
C28: Extrae el ultimo digito | D28: extrael primer digito | E28: parte entera | F28: Parte decimal | G28: cantidad de decimales | H28: decimales en enteros | I28: restar ultimo numero | J28: Elimar ultimo digito | K28: Dato Final
C29: =RIGHT(A27,2) -> 39 | D29: =LEFT(C29,1) -> 3 | E29: =TRUNC(A27) -> 0 | F29: =FIXED(A27-E29,G29) -> 0,39 | G29: =ABS(E32-F32) -> 2 | H29: =RIGHT(A27,G29) -> 39 | I29: 0.05 | J29: =(A27-I29) -> 0.34 | K29: =IF(C31=5,IF(AND(E27=0,D32=FALSE),J29,J30),J30) -> 0,4
C30: =RIGHT(C29,1) -> 9 | D30: =D29+0 -> 3 | J30: =FIXED(A27,1) -> 0,4
C31: =C30+0 -> 9 | D31: es impar? | E31: Largo dato original | F31: largo parte enetero y decimal
D32: =ISODD(D29) -> TRUE | E32: =LEN(A27) -> 4 | F32: =LEN(E29)+1 -> 2
A34: 1 Decimales
A35: =K29 -> 0,4 | C35: =FIXED(A27,2) -> 0,39 | D35: =RIGHT(C35,1) -> 9 | E35: =D35+0 -> 9
C36: Extrae el ultimo digito | D36: extrael primer digito | E36: parte entera | F36: Parte decimal | G36: cantidad de decimales | H36: decimales en enteros | I36: restar ultimo numero | J36: Elimar ultimo digito | K36: Dato Final
C37: =RIGHT(A35,2) -> ,4 | D37: =RIGHT(E37,1) -> 0 | E37: =TRUNC(A35) -> 0 | F37: =FIXED(A35-E37,G37) -> 0,4 | G37: =ABS(E40-F40) -> 1 | H37: =RIGHT(A35,G37) -> 4 | I37: 0.5 | J37: =(A35-I37) -> -0.1 | K37: =IF(C39=5,IF(AND(E35=0,D40=FALSE),J37,J38),J38) -> 0
C38: =RIGHT(C37,1) -> 4 | D38: =D37+0 -> 0 | J38: =FIXED(A35,0) -> 0
C39: =C38+0 -> 4 | D39: es impar? | E39: Largo dato original | F39: largo parte enetero y decimal
D40: =ISODD(D37) -> FALSE | E40: =LEN(A35) -> 3 | F40: =LEN(E37)+1 -> 2
A41: DATO 2
A42: Dato | B42: Dato redondeado | C42: =FIXED(A43,6) -> 0,388483 | D42: =RIGHT(C42,1) -> 3 | E42: =D42/1000000 -> 3e-06 | F42: =A43-E42 -> 0.38848014 | H42: =IF(C47=5,IF(AND(D43=0,D48=FALSE),J45,J46),J46) -> 0,3885
A43: =INCERTIDUMBRE!L6 -> 0.38848314 | B43: =IF(A43>=10,K77,IF(A43>=1,K69,IF(A43>=0.1,K61,IF(A43>=0.01,K53,IF(A43>=0.001,K45))))) -> 0,39 | C43: 6 decimal | D43: =D42+0 -> 3
C44: Extrae el ultimo digito | D44: extrael primer digito | E44: parte entera | F44: Parte decimal | G44: cantidad de decimales | H44: decimales en enteros | I44: restar ultimo numero | J44: Elimar ultimo digito | K44: Dato Final
C45: =RIGHT(F42,2) -> 05 | D45: =LEFT(C45,1) -> 0 | E45: =TRUNC(A43) -> 0 | F45: =FIXED(A43-E45,G45) -> 0,38848313526405 | G45: =ABS(E48-F48) -> 14 | H45: =RIGHT(A43,G45) -> 38848313526405 | I45: 5e-05 | J45: =(A43-I45) -> 0.38843314 | K45: =IF(C47=5,IF(AND(D43=0,D48=FALSE),J45,J46),J46) -> 0,3885
C46: =RIGHT(C45,1) -> 5 | D46: =D45+0 -> 0 | J46: =FIXED(A43,4) -> 0,3885
C47: =C46+0 -> 5 | D47: es impar? | E47: Largo dato original | F47: largo parte enetero y decimal
D48: =ISODD(D45) -> FALSE | E48: =LEN(A43) -> 16 | F48: =LEN(E45)+1 -> 2
A50: 4 Decimales
A51: =K45 -> 0,3885 | C51: =FIXED(A43,5) -> 0,38848 | D51: =RIGHT(C51,1) -> 8 | E51: =D51+0 -> 8
C52: Extrae el ultimo digito | D52: extrael primer digito | E52: parte entera | F52: Parte decimal | G52: cantidad de decimales | H52: decimales en enteros | I52: restar ultimo numero | J52: Elimar ultimo digito | K52: Dato Final
C53: =RIGHT(A51,2) -> 85 | D53: =LEFT(C53,1) -> 8 | E53: =TRUNC(A51) -> 0 | F53: =FIXED(A51-E53,G53) -> 0,3885 | G53: =ABS(E56-F56) -> 4 | H53: =RIGHT(A51,G53) -> 3885 | I53: 0.0005 | J53: =(A51-I53) -> 0.388 | K53: =IF(C55=5,IF(AND(E51=0,D56=FALSE),J53,J54),J54) -> 0,389
C54: =RIGHT(C53,1) -> 5 | D54: =D53+0 -> 8 | J54: =FIXED(A51,3) -> 0,389
C55: =C54+0 -> 5 | D55: es impar? | E55: Largo dato original | F55: largo parte enetero y decimal
D56: =ISODD(D53) -> FALSE | E56: =LEN(A51) -> 6 | F56: =LEN(E53)+1 -> 2
A58: 3 Decimales
A59: =K53 -> 0,389 | C59: =FIXED(A51,4) -> 0,3885 | D59: =RIGHT(C59,1) -> 5 | E59: =D59+0 -> 5
C60: Extrae el ultimo digito | D60: extrael primer digito | E60: parte entera | F60: Parte decimal | G60: cantidad de decimales | H60: decimales en enteros | I60: restar ultimo numero | J60: Elimar ultimo digito | K60: Dato Final
C61: =RIGHT(A59,2) -> 89 | D61: =LEFT(C61,1) -> 8 | E61: =TRUNC(A59) -> 0 | F61: =FIXED(A59-E61,G61) -> 0,389 | G61: =ABS(E64-F64) -> 3 | H61: =RIGHT(A59,G61) -> 389 | I61: 0.005 | J61: =(A59-I61) -> 0.384 | K61: =IF(C63=5,IF(AND(E59=0,D64=FALSE),J61,J62),J62) -> 0,39
C62: =RIGHT(C61,1) -> 9 | D62: =D61+0 -> 8 | J62: =FIXED(A59,2) -> 0,39
C63: =C62+0 -> 9 | D63: es impar? | E63: Largo dato original | F63: largo parte enetero y decimal
D64: =ISODD(D61) -> FALSE | E64: =LEN(A59) -> 5 | F64: =LEN(E61)+1 -> 2
A66: 2 Decimales
A67: =K61 -> 0,39 | C67: =FIXED(A59,3) -> 0,389 | D67: =RIGHT(C67,1) -> 9 | E67: =D67+0 -> 9
C68: Extrae el ultimo digito | D68: extrael primer digito | E68: parte entera | F68: Parte decimal | G68: cantidad de decimales | H68: decimales en enteros | I68: restar ultimo numero | J68: Elimar ultimo digito | K68: Dato Final
C69: =RIGHT(A67,2) -> 39 | D69: =LEFT(C69,1) -> 3 | E69: =TRUNC(A67) -> 0 | F69: =FIXED(A67-E69,G69) -> 0,39 | G69: =ABS(E72-F72) -> 2 | H69: =RIGHT(A67,G69) -> 39 | I69: 0.05 | J69: =(A67-I69) -> 0.34 | K69: =IF(C71=5,IF(AND(E67=0,D72=FALSE),J69,J70),J70) -> 0,4
C70: =RIGHT(C69,1) -> 9 | D70: =D69+0 -> 3 | J70: =FIXED(A67,1) -> 0,4
C71: =C70+0 -> 9 | D71: es impar? | E71: Largo dato original | F71: largo parte enetero y decimal
D72: =ISODD(D69) -> TRUE | E72: =LEN(A67) -> 4 | F72: =LEN(E69)+1 -> 2
A74: 1 Decimales
A75: =K69 -> 0,4 | C75: =FIXED(A67,2) -> 0,39 | D75: =RIGHT(C75,1) -> 9 | E75: =D75+0 -> 9
C76: Extrae el ultimo digito | D76: extrael primer digito | E76: parte entera | F76: Parte decimal | G76: cantidad de decimales | H76: decimales en enteros | I76: restar ultimo numero | J76: Elimar ultimo digito | K76: Dato Final
C77: =RIGHT(A75,2) -> ,4 | D77: =RIGHT(E77,1) -> 0 | E77: =TRUNC(A75) -> 0 | F77: =FIXED(A75-E77,G77) -> 0,4 | G77: =ABS(E80-F80) -> 1 | H77: =RIGHT(A75,G77) -> 4 | I77: 0.5 | J77: =(A75-I77) -> -0.1 | K77: =IF(C79=5,IF(AND(E75=0,D80=FALSE),J77,J78),J78) -> 0
C78: =RIGHT(C77,1) -> 4 | D78: =D77+0 -> 0 | J78: =FIXED(A75,0) -> 0
C79: =C78+0 -> 4 | D79: es impar? | E79: Largo dato original | F79: largo parte enetero y decimal
D80: =ISODD(D77) -> FALSE | E80: =LEN(A75) -> 3 | F80: =LEN(E77)+1 -> 2
A81: DATO 3
A82: Dato | B82: Dato redondeado | C82: =FIXED(A83,6) -> #REF! | D82: =RIGHT(C82,1) -> #REF! | E82: =D82/1000000 -> #REF! | F82: =A83-E82 -> #REF! | H82: =IF(C87=5,IF(AND(D83=0,D88=FALSE),J85,J86),J86) -> #REF!
A83: =INCERTIDUMBRE!#REF! -> #REF! | B83: =IF(A83>=10,K117,IF(A83>=1,K109,IF(A83>=0.1,K101,IF(A83>=0.01,K93,IF(A83>=0.001,K85))))) -> #REF! | C83: 6 decimal | D83: =D82+0 -> #REF!
C84: Extrae el ultimo digito | D84: extrael primer digito | E84: parte entera | F84: Parte decimal | G84: cantidad de decimales | H84: decimales en enteros | I84: restar ultimo numero | J84: Elimar ultimo digito | K84: Dato Final
C85: =RIGHT(F82,2) -> #REF! | D85: =LEFT(C85,1) -> #REF! | E85: =TRUNC(A83) -> #REF! | F85: =FIXED(A83-E85,G85) -> #REF! | G85: =ABS(E88-F88) -> #REF! | H85: =RIGHT(A83,G85) -> #REF! | I85: 5e-05 | J85: =(A83-I85) -> #REF! | K85: =IF(C87=5,IF(AND(D83=0,D88=FALSE),J85,J86),J86) -> #REF!
C86: =RIGHT(C85,1) -> #REF! | D86: =D85+0 -> #REF! | J86: =FIXED(A83,4) -> #REF!
C87: =C86+0 -> #REF! | D87: es impar? | E87: Largo dato original | F87: largo parte enetero y decimal
D88: =ISODD(D85) -> #REF! | E88: =LEN(A83) -> #REF! | F88: =LEN(E85)+1 -> #REF!
A90: 4 Decimales
A91: =K85 -> #REF! | C91: =FIXED(A83,5) -> #REF! | D91: =RIGHT(C91,1) -> #REF! | E91: =D91+0 -> #REF!
C92: Extrae el ultimo digito | D92: extrael primer digito | E92: parte entera | F92: Parte decimal | G92: cantidad de decimales | H92: decimales en enteros | I92: restar ultimo numero | J92: Elimar ultimo digito | K92: Dato Final
C93: =RIGHT(A91,2) -> #REF! | D93: =LEFT(C93,1) -> #REF! | E93: =TRUNC(A91) -> #REF! | F93: =FIXED(A91-E93,G93) -> #REF! | G93: =ABS(E96-F96) -> #REF! | H93: =RIGHT(A91,G93) -> #REF! | I93: 0.0005 | J93: =(A91-I93) -> #REF! | K93: =IF(C95=5,IF(AND(E91=0,D96=FALSE),J93,J94),J94) -> #REF!
C94: =RIGHT(C93,1) -> #REF! | D94: =D93+0 -> #REF! | J94: =FIXED(A91,3) -> #REF!
C95: =C94+0 -> #REF! | D95: es impar? | E95: Largo dato original | F95: largo parte enetero y decimal
D96: =ISODD(D93) -> #REF! | E96: =LEN(A91) -> #REF! | F96: =LEN(E93)+1 -> #REF!
A98: 3 Decimales
A99: =K93 -> #REF! | C99: =FIXED(A91,4) -> #REF! | D99: =RIGHT(C99,1) -> #REF! | E99: =D99+0 -> #REF!
C100: Extrae el ultimo digito | D100: extrael primer digito | E100: parte entera | F100: Parte decimal | G100: cantidad de decimales | H100: decimales en enteros | I100: restar ultimo numero | J100: Elimar ultimo digito | K100: Dato Final
C101: =RIGHT(A99,2) -> #REF! | D101: =LEFT(C101,1) -> #REF! | E101: =TRUNC(A99) -> #REF! | F101: =FIXED(A99-E101,G101) -> #REF! | G101: =ABS(E104-F104) -> #REF! | H101: =RIGHT(A99,G101) -> #REF! | I101: 0.005 | J101: =(A99-I101) -> #REF! | K101: =IF(C103=5,IF(AND(E99=0,D104=FALSE),J101,J102),J102) -> #REF!
C102: =RIGHT(C101,1) -> #REF! | D102: =D101+0 -> #REF! | J102: =FIXED(A99,2) -> #REF!
C103: =C102+0 -> #REF! | D103: es impar? | E103: Largo dato original | F103: largo parte enetero y decimal
D104: =ISODD(D101) -> #REF! | E104: =LEN(A99) -> #REF! | F104: =LEN(E101)+1 -> #REF!
A106: 2 Decimales
A107: =K101 -> #REF! | C107: =FIXED(A99,3) -> #REF! | D107: =RIGHT(C107,1) -> #REF! | E107: =D107+0 -> #REF!
C108: Extrae el ultimo digito | D108: extrael primer digito | E108: parte entera | F108: Parte decimal | G108: cantidad de decimales | H108: decimales en enteros | I108: restar ultimo numero | J108: Elimar ultimo digito | K108: Dato Final
C109: =RIGHT(A107,2) -> #REF! | D109: =LEFT(C109,1) -> #REF! | E109: =TRUNC(A107) -> #REF! | F109: =FIXED(A107-E109,G109) -> #REF! | G109: =ABS(E112-F112) -> #REF! | H109: =RIGHT(A107,G109) -> #REF! | I109: 0.05 | J109: =(A107-I109) -> #REF! | K109: =IF(C111=5,IF(AND(E107=0,D112=FALSE),J109,J110),J110) -> #REF!
C110: =RIGHT(C109,1) -> #REF! | D110: =D109+0 -> #REF! | J110: =FIXED(A107,1) -> #REF!
C111: =C110+0 -> #REF! | D111: es impar? | E111: Largo dato original | F111: largo parte enetero y decimal
...

Sheet PATRON
X2: Temperatura sonda
C3: Nominal | D3: Medido | E3: Corrección | F3: Incertidumbre | G3: k | H3: Correcion estimada | I3: Residuales | J3: N-M-1 | K3: u interpolación | M3: Nominal | N3: Medido | O3: Corrección | P3: Incertidumbre | Q3: k | R3: Correcion estimada | S3: Residuales | T3: N-M-1 | U3: u interpolación | X3: Nominal | Y3: Medido | Z3: Corrección | AA3: Incertidumbre | AB3: k | AC3: Correcion estimada | AD3: Residuales | AE3: N-M-1 | AF3: u interpolación
C4: 24.714 | D4: 24.3 | E4: =C4-D4 -> 0.414 | F4: 0.28 | G4: 2 | H4: =$K$9*D4^2-$K$10*D4+$K$11 -> 0.414 | I4: =E4-H4 -> 1.6653345e-15 | J4: =6-3-1 -> 2 | K4: =(SQRT(SUMSQ(I4:I14)/J4)) -> 1.7919013e-15 | M4: 30.679 | N4: 42.2 | O4: =M4-N4 -> -11.521 | P4: 0.0077 | Q4: 2 | R4: =$T$9*N4^2-$T$10*N4-$T$11 -> -11.550976 | S4: =O4-R4 -> 0.029976 | T4: =6-3-1 -> 2 | U4: =(SQRT(SUMSQ(S4:S14)/T4)) -> 0.098831104 | X4: -24.99 | Y4: -25.2 | Z4: =X4-Y4 -> 0.21 | AA4: 0.0077 | AB4: 2 | AC4: =AD$11*Y4^4-AD$12*Y4^3+AD$13*Y4^2+AD$14*Y4-AD$15 -> 0.21068662 | AD4: =Z4-AC4 -> -0.00068662358 | AE4: =6-3-1 -> 2 | AF4: =(SQRT(SUMSQ(AD4:AD14)/AE4)) -> 0.052653479
C5: 30.474 | D5: 29.9 | E5: =C5-D5 -> 0.574 | F5: 0.28 | G5: 2 | H5: =$K$9*D5^2-$K$10*D5+$K$11 -> 0.574 | I5: =E5-H5 -> 1.5543122e-15 | M5: 50.405 | N5: 59.9 | O5: =M5-N5 -> -9.495 | P5: 0.0077 | Q5: 2 | R5: =$T$9*N5^2-$T$10*N5-$T$11 -> -9.556009 | S5: =O5-R5 -> 0.061009 | X5: 9.99 | Y5: 10.4 | Z5: =X5-Y5 -> -0.41 | AA5: 0.0077 | AB5: 2 | AC5: =AD$11*Y5^4-AD$12*Y5^3+AD$13*Y5^2+AD$14*Y5-AD$15 -> -0.40997719 | AD5: =Z5-AC5 -> -2.2809504e-05
C6: 36.279 | D6: 35.5 | E6: =C6-D6 -> 0.779 | F6: 0.3 | G6: 2 | H6: =$K$9*D6^2-$K$10*D6+$K$11 -> 0.779 | I6: =E6-H6 -> 1.110223e-15 | M6: 80.024 | N6: 84.5 | O6: =M6-N6 -> -4.476 | P6: 0.0077 | Q6: 2 | R6: =$T$9*N6^2-$T$10*N6-$T$11 -> -4.598125 | S6: =O6-R6 -> 0.122125 | X6: 29.99 | Y6: 30.2 | Z6: =X6-Y6 -> -0.21 | AA6: 0.0077 | AB6: 2 | AC6: =AD$11*Y6^4-AD$12*Y6^3+AD$13*Y6^2+AD$14*Y6-AD$15 -> -0.20848389 | AD6: =Z6-AC6 -> -0.0015161077
X7: 49.99 | Y7: 50.2 | Z7: =X7-Y7 -> -0.21 | AC7: =AD$11*Y7^4-AD$12*Y7^3+AD$13*Y7^2+AD$14*Y7-AD$15 -> -0.19857785 | AD7: =Z7-AC7 -> -0.011422149
X8: 79.99 | Y8: 80.1 | Z8: =X8-Y8 -> -0.11 | AC8: =AD$11*Y8^4-AD$12*Y8^3+AD$13*Y8^2+AD$14*Y8-AD$15 -> -0.036501262 | AD8: =Z8-AC8 -> -0.073498738
K9: 0.00071747449 | T9: 0.0021
K10: 0.010315689 | T10: 0.1017
K11: 0.24100973 | T11: 10.999 | AD11: 1.4e-07
AD12: 1.902e-05
AD13: 0.00065883
AD14: 0.00300712
AD15: 0.49275318
B34: EQUIPO PATRÓN
B35: Equipo patrón: | G35: Datalogger de Temperatura y Humedad
B36: Marca: | G36: Elitech
B37: Modelo: | G37: RC-51H
B38: Serie: | G38: HM1201000197
B39: Fecha de Calibración: | G39: 44986
B40: No. Certificado: | G40: 242208
B41: Incertidumbre temperatura: | G41: 0.3
B42: Incertidumbre humedad: | G42: 2
B43: Deriva temperatura | G43: 0.2
B44: Deriva humedad | G44: 1
B45: Resolución temperatura | G45: 0.1
B46: Resolución humedad | G46: 0.1
B47: Factor de cobertura K: | G47: 2

Sheet MEDIDA
B2: TEMPERATURA AMBIENTE
B3: Temperatura (°C) | D3: Patrón (°C) | F3: EBP (°C) | H3: Error (°C)
B4: 2 | D4: =B4+RANDBETWEEN(-2,2)/10 -> 2.1 | F4: =D4+IF(RAND()<0.5,-1,1)*RAND()*0.4 -> 1.7551352 | H4: =F4-D4 -> -0.34486477
B5: 4 | D5: =B5+RANDBETWEEN(-2,2)/10 -> 3.8 | F5: =D5+SIGN(F4-D4)*RAND()*0.4 -> 3.4399555 | H5: =F5-D5 -> -0.36004453
B6: 8 | D6: =B6+RANDBETWEEN(-2,2)/10 -> 7.8 | F6: =D6+SIGN(F4-D4)*RAND()*0.4 -> 7.6607396 | H6: =F6-D6 -> -0.13926043
B11: TEMPERATURA SONDA
B12: Temperatura (°C) | D12: Patrón (°C) | F12: EBP (°C) | H12: Error (°C)
B13: -15 | D13: =B13+RANDBETWEEN(-2,2)/10 -> -15.1 | F13: =D13+IF(RAND()<0.5,-1,1)*RAND()*0.4 -> -15.496788 | H13: =F13-D13 -> -0.39678779
B14: -20 | D14: =B14+RANDBETWEEN(-2,2)/10 -> -20 | F14: =D14+SIGN(F13-D13)*RAND()*0.4 -> -20.159147 | H14: =F14-D14 -> -0.15914737
B15: -24 | D15: =B15+RANDBETWEEN(-2,2)/10 -> -24.2 | F15: =D15+SIGN(F13-D13)*RAND()*0.4 -> -24.537962 | H15: =F15-D15 -> -0.33796198

Sheet INCERTIDUMBRE
B2: FUENTES DE INCERTIDUMBRE TEMPERATURA AMBIENTE
B3: Punto de calibración | C3: Cert de calibración | D3: Deriva | E3: Interpolación | F3: Resolución item | G3: Resolución patrón | H3: Repetibilidad | I3: Incertidumbre combinada | J3: Veff | K3: Factor de cobertura (k) | L3: Incertidumbre Expandida
B4: =MEDIDA!B4 -> 2 | C4: =PATRON!$G$41/2 -> 0.15 | D4: =PATRON!$G$43/SQRT(3) -> 0.11547005 | E4: 0 | F4: =0.1/SQRT(12) -> 0.028867513 | G4: =PATRON!$G$45/SQRT(12) -> 0.028867513 | H4: 0 | I4: =SQRT(SUMSQ(C4:H4)) -> 0.19364917 | J4: =I4^4/(C4^4/200+D4^4/200+E4^4/200+F4^4/200+G4^4/200+H4^4/3) -> 410.33435 | K4: =TINV(0.0455,J4) -> 2.0061183 | L4: =I4*K4 -> 0.38848314
B5: =MEDIDA!B5 -> 4 | C5: =PATRON!$G$41/2 -> 0.15 | D5: =PATRON!$G$43/SQRT(3) -> 0.11547005 | E5: 0 | F5: =0.1/SQRT(12) -> 0.028867513 | G5: =PATRON!$G$45/SQRT(12) -> 0.028867513 | H5: 0 | I5: =SQRT(SUMSQ(C5:H5)) -> 0.19364917 | J5: =I5^4/(C5^4/200+D5^4/200+E5^4/200+F5^4/200+G5^4/200+H5^4/3) -> 410.33435 | K5: =TINV(0.0455,J5) -> 2.0061183 | L5: =I5*K5 -> 0.38848314
B6: =MEDIDA!B6 -> 8 | C6: =PATRON!$G$41/2 -> 0.15 | D6: =PATRON!$G$43/SQRT(3) -> 0.11547005 | E6: 0 | F6: =0.1/SQRT(12) -> 0.028867513 | G6: =PATRON!$G$45/SQRT(12) -> 0.028867513 | H6: 0 | I6: =SQRT(SUMSQ(C6:H6)) -> 0.19364917 | J6: =I6^4/(C6^4/200+D6^4/200+E6^4/200+F6^4/200+G6^4/200+H6^4/3) -> 410.33435 | K6: =TINV(0.0455,J6) -> 2.0061183 | L6: =I6*K6 -> 0.38848314
B10: FUENTES DE INCERTIDUMBRE TEMPERATURA SONDA
B11: Punto de calibración | C11: Cert de calibración | D11: Deriva | E11: Interpolación | F11: Resolución item | G11: Resolución patrón | H11: Repetibilidad | I11: Incertidumbre combinada | J11: Veff | K11: Factor de cobertura (k) | L11: Incertidumbre Expandida
B12: =MEDIDA!B13 -> -15 | C12: =0.32/2 -> 0.16 | D12: =PATRON!$G$43/SQRT(3) -> 0.11547005 | E12: 0 | F12: =0.1/SQRT(12) -> 0.028867513 | G12: =PATRON!$G$45/SQRT(12) -> 0.028867513 | H12: 0 | I12: =SQRT(SUMSQ(C12:H12)) -> 0.20149442 | J12: =I12^4/(C12^4/200+D12^4/200+E12^4/200+F12^4/200+G12^4/200+H12^4/3) -> 395.0407 | K12: =TINV(0.0455,J12) -> 2.0063513 | L12: =I12*K12 -> 0.40426858
B13: =MEDIDA!B14 -> -20 | C13: =0.32/2 -> 0.16 | D13: =PATRON!$G$43/SQRT(3) -> 0.11547005 | E13: 0 | F13: =0.1/SQRT(12) -> 0.028867513 | G13: =PATRON!$G$45/SQRT(12) -> 0.028867513 | H13: 0 | I13: =SQRT(SUMSQ(C13:H13)) -> 0.20149442 | J13: =I13^4/(C13^4/200+D13^4/200+E13^4/200+F13^4/200+G13^4/200+H13^4/3) -> 395.0407 | K13: =TINV(0.0455,J13) -> 2.0063513 | L13: =I13*K13 -> 0.40426858
B14: =MEDIDA!B15 -> -24 | C14: =0.32/2 -> 0.16 | D14: =PATRON!$G$43/SQRT(3) -> 0.11547005 | E14: 0 | F14: =0.1/SQRT(12) -> 0.028867513 | G14: =PATRON!$G$45/SQRT(12) -> 0.028867513 | H14: 0 | I14: =SQRT(SUMSQ(C14:H14)) -> 0.20149442 | J14: =I14^4/(C14^4/200+D14^4/200+E14^4/200+F14^4/200+G14^4/200+H14^4/3) -> 395.0407 | K14: =TINV(0.0455,J14) -> 2.0063513 | L14: =I14*K14 -> 0.40426858
B18: FUENTES DE INCERTIDUMBRE HUMEDAD
B19: Punto de calibración | C19: Cert de calibración | D19: Deriva | E19: Interpolación | F19: Resolución item | G19: Resolución patrón | H19: Repetibilidad | I19: Incertidumbre combinada | J19: Veff | K19: Factor de cobertura (k) | L19: Incertidumbre Expandida
B20: =MEDIDA!#REF! -> #REF! | C20: =PATRON!$G$42/2 -> 1 | D20: =PATRON!$G$44/SQRT(3) -> 0.57735027 | E20: 0 | F20: =1/SQRT(12) -> 0.28867513 | G20: =PATRON!$G$46/SQRT(12) -> 0.028867513 | H20: 0 | I20: =SQRT(SUMSQ(C20:H20)) -> 1.1905881 | J20: =I20^4/(C20^4/200+D20^4/200+E20^4/200+F20^4/200+G20^4/200+H20^4/3) -> 359.42847 | K20: =TINV(0.0455,J20) -> 2.0069901 | L20: =I20*K20 -> 2.3894985
B21: =MEDIDA!#REF! -> #REF! | C21: =PATRON!$G$42/2 -> 1 | D21: =PATRON!$G$44/SQRT(3) -> 0.57735027 | E21: 0 | F21: =1/SQRT(12) -> 0.28867513 | G21: =PATRON!$G$46/SQRT(12) -> 0.028867513 | H21: 0 | I21: =SQRT(SUMSQ(C21:H21)) -> 1.1905881 | J21: =I21^4/(C21^4/200+D21^4/200+E21^4/200+F21^4/200+G21^4/200+H21^4/3) -> 359.42847 | K21: =TINV(0.0455,J21) -> 2.0069901 | L21: =I21*K21 -> 2.3894985
B22: =MEDIDA!#REF! -> #REF! | C22: =PATRON!$G$42/2 -> 1 | D22: =PATRON!$G$44/SQRT(3) -> 0.57735027 | E22: 0 | F22: =1/SQRT(12) -> 0.28867513 | G22: =PATRON!$G$46/SQRT(12) -> 0.028867513 | H22: 0 | I22: =SQRT(SUMSQ(C22:H22)) -> 1.1905881 | J22: =I22^4/(C22^4/200+D22^4/200+E22^4/200+F22^4/200+G22^4/200+H22^4/3) -> 359.42847 | K22: =TINV(0.0455,J22) -> 2.0069901 | L22: =I22*K22 -> 2.3894985

Sheet CERTIFICADO 
O1: CERTIFICADO N°: | R1: =INFORMACIÓN!G3 -> 0
C3: 1. EQUIPO BAJO PRUEBA
C5: INSTRUMENTO: | I5: =INFORMACIÓN!A3 -> 0
C6: MARCA: | I6: =INFORMACIÓN!B3 -> 0
C7: MODELO: | I7: =INFORMACIÓN!C3 -> 0
C8: SERIE: | I8: =INFORMACIÓN!D3 -> 0
C9: CÓDIGO INTERNO: | I9: =INFORMACIÓN!F3 -> 0
C10: UBICACIÓN: | I10: =INFORMACIÓN!E3 -> 0
C11: ESTADO FÍSICO: | I11: =INFORMACIÓN!B8 -> BUEN ESTADO
C12: FECHA DE RECEPCIÓN: | I12: =INFORMACIÓN!H3 -> 0
C13: FECHA DE CALIBRACIÓN: | I13: =INFORMACIÓN!B9 -> 0
C15: 2. DATOS DEL CLIENTE
C17: NOMBRE: | I17: =INFORMACIÓN!E7 -> 0
C18: NIT: | I18: =INFORMACIÓN!E8 -> 0
C19: TELÉFONO: | I19: =INFORMACIÓN!E9 -> 0
C20: DIRECCIÓN: | I20: =INFORMACIÓN!E10 -> 0
C21: CIUDAD: | I21: =INFORMACIÓN!E11 -> 0
C23: Este certificado expresa fielmente el resultado de las mediciones realizadas; no podrá ser reproducido total o parcialmente excepto cuando se haya obtenido permiso por escrito de BTM COLOMBIA ZOMAC S.A.S y se debe reproducir en su totalidad, para proporcionar seguridad de que el certificado no sea sacado de contexto. Los resultados que se encuentran en este certificado se refieren al momento y condiciones en que se realizaron las mediciones, BTM COLOMBIA ZOMAC S.A.S no se responsabiliza de los daños que puedan ser causados por el uso inadecuado de los equipos calibrados. El usuario es responsable de la calibración de sus instrumentos a intervalos apropiados. El laboratorio no se hace responsable por cómo la información suministrada por el cliente afecte los resultados de medición.
C31: REVISÓ Y AUTORIZÓ: | I31: CALIBRADO POR: | M31: =INFORMACIÓN!B15 -> ING. GABRIEL DURÁN
I32: FECHA DE EMISIÓN: | M32: =INFORMACIÓN!B10 -> 0
I33: NÚMERO DE PÁGINAS: | M33: 4
C36: ING. JOHAN SEBASTIÁN PÉREZ
C37: DIRECTOR DE LABORATORIO
O38: =O1 -> CERTIFICADO N°: | R38: =R1 -> 0
B40: 3. CONDICIONES AMBIENTALES
B41: El laboratorio de metrología BTM COLOMBIA ZOMAC S.A.S registra las condiciones ambientales (Humedad y Temperatura) tomando los máximos y mínimos alcanzados durante el tiempo en que se ejecuta la calibración. A continuación se presenta el promedio y la variación resultante.
F45: TEMPERATURA AMBIENTE (°C) | K45: HUMEDAD RELATIVA (%HR)
F46: =AVERAGE(INFORMACIÓN!B11:B12) -> 24.3 | H46: ± | I46: =ABS(INFORMACIÓN!B11-INFORMACIÓN!B12) -> 0.4 | K46: =AVERAGE(INFORMACIÓN!B13:B14) -> 61.5 | M46: ± | N46: =ABS(INFORMACIÓN!B13-INFORMACIÓN!B14) -> 3
F48: La calibración fue realizada en: | K48: En sitio (instalaciones del cliente)
B50: 4. INCERTIDUMBRE DE MEDICIÓN
B51: La incertidumbre expandida de la medición reportada se establece como la incertidumbre estándar de medición multiplicada por el factor de cobertura “k” y la probabilidad de cobertura, la cual debe ser aproximada al 95% y no menor a este valor. La incertidumbre de medición ha sido estimada con un nivel de confianza del 95,45% empleando una distribución t de student. Cuando se hace declaración de cumplimiento, el laboratorio hace referencia a las especificaciones del fabricante, norma o requisitos declarados por el cliente. La regla de decisión aplicada en estos casos será |Error| +U ≤ EMP según la ASME B89 7.3.1, si cumple la anterior condición la medición se toma como conforme y registrará un pasa, en caso contrario se registrará falla. La probabilidad de dar una aceptación falsa o un rechazo falso no lo determina el laboratorio, sin embargo se puede calcular de acuerdo a la guía JCGM 106:2012 según su numeral 8.
B60: 5. PROCEDIMIENTO DE CALIBRACIÓN
B61: La calibración se ejecutó mediante el método de comparación directa con patrón de referencia de acuerdo con el procedimiento interno para termómetro BTM-P-015.
B64: 6. TRAZABILIDAD
B65: El laboratorio BTM COLOMBIA ZOMAC S.A.S establece la trazabilidad metrológica de sus mediciones al sistema internacional de unidades (SI), por medio de una cadena documentada de calibraciones, las cuales se encuentran referenciadas a patrones de medidas primarios. Esta vinculación se logra a través del uso de patrones calibrados por institutos nacionales de metrología (INM) y por laboratorios acreditados por parte de un organismo de acreditación.
B70: PATRÓN | H70: SERIE | M70: CALIBRACIÓN | P70: CERTIFICADO
B71: Termómetro | H71: 230310997 | M71: 46055 | P71: 319239_A 319239_B
O75: =O1 -> CERTIFICADO N°: | R75: =R1 -> 0
B77: 7. RESULTADOS DE LA CALIBRACIÓN
B79: Calibración de sonda de temperatura | I79: Intervalo de medición (°C): | N79: 2 a 8 | P79: Resolución (°C): | S79: 0.1
E81: Temperatura (°C) | G81: Patrón (°C) | I81: Equipo bajo prueba (°C) | K81: Error (°C) | M81: Incertidumbre Expandida ± | P81: k
E82: =MEDIDA!B4 -> 2 | G82: =MEDIDA!D4 -> 2.1 | I82: =MEDIDA!F4 -> 1.7551352 | K82: =MEDIDA!H4 -> -0.34486477 | M82: 0.64 | P82: =INCERTIDUMBRE!K4 -> 2.0061183
E83: =MEDIDA!B5 -> 4 | G83: =MEDIDA!D5 -> 3.8 | I83: =MEDIDA!F5 -> 3.4399555 | K83: =MEDIDA!H5 -> -0.36004453 | M83: 0.64 | P83: =INCERTIDUMBRE!K5 -> 2.0061183
E84: =MEDIDA!B6 -> 8 | G84: =MEDIDA!D6 -> 7.8 | I84: =MEDIDA!F6 -> 7.6607396 | K84: =MEDIDA!H6 -> -0.13926043 | M84: 0.64 | P84: =INCERTIDUMBRE!K6 -> 2.0061183
B96: Calibración de sonda de temperatura | I96: Intervalo de medición (°C): | N96: -15 a -24 | P96: Resolución (°C): | S96: 0.1
E98: Temperatura (°C) | G98: Patrón (°C) | I98: Equipo bajo prueba (°C) | K98: Error (°C) | M98: Incertidumbre Expandida ± | P98: k
E99: =MEDIDA!B13 -> -15 | G99: =MEDIDA!D13 -> -15.1 | I99: =MEDIDA!F13 -> -15.496788 | K99: =MEDIDA!H13 -> -0.39678779 | M99: =INCERTIDUMBRE!L12 -> 0.40426858 | P99: =INCERTIDUMBRE!K20 -> 2.0069901
E100: =MEDIDA!B14 -> -20 | G100: =MEDIDA!D14 -> -20 | I100: =MEDIDA!F14 -> -20.159147 | K100: =MEDIDA!H14 -> -0.15914737 | M100: =INCERTIDUMBRE!L13 -> 0.40426858 | P100: =INCERTIDUMBRE!K21 -> 2.0069901
E101: =MEDIDA!B15 -> -24 | G101: =MEDIDA!D15 -> -24.2 | I101: =MEDIDA!F15 -> -24.537962 | K101: =MEDIDA!H15 -> -0.33796198 | M101: =INCERTIDUMBRE!L14 -> 0.40426858 | P101: =INCERTIDUMBRE!K22 -> 2.0069901
O112: =O75 -> CERTIFICADO N°: | R112: =R75 -> 0
B116: 8. INFORMACIÓN ADICIONAL
B118: Declaración de cumplimiento según: | I118: N/A
B119: Datos Suministrados por el cliente: | I119: N/A
B120: Comentarios: | I120: N/A
B121: Factor de conversión: | I121: Kelvin= °C+ 273,15
B125: *** FIN DEL CERTIFICADO ***
