Workbook
Name Instrumento: '[1]R-LAB-127 DENSIDAD AIRE'!#REF!
Name Instrumento: '[1]R-LAB-127 DENSIDAD AIRE'!#REF!
Name Instrumento.: '[1]R-LAB-127 DENSIDAD AIRE'!#REF!
Name Instrumento.: '[1]R-LAB-127 DENSIDAD AIRE'!#REF!
Name N: #REF!
Name N: #REF!

Sheet INFORMACIÓN
A1: Datos del item | O1: En sitio ( instalaciones del cliente)
A2: Intrumento | B2: Marca | C2: Modelo | D2: Serie | E2: Ubicación | F2: Inventario | G2: Número de Certificado | H2: Fecha de Recepción | O2: Laboratorio BTMC
O4: BUEN ESTADO
O5: REGULAR ESTADO
A6: Datos de calibración | D6: Datos del cliente | O6: MAL ESTADO
A7: Lugar de calibración: | B7: En sitio ( instalaciones del cliente) | D7: Solicitante: | E7: HOSPITAL DE ALTA COMPLEJIDAD DEL MAGDALENA CENTRO
A8: Estado Físico: | B8: BUEN ESTADO | D8: Nit: | E8: 901.532.463-8
A9: Fecha de calibración: | B9: =H3 -> 0 | D9: Telefono: | E9: 3007835072
A10: Fecha de emisión: | B10: =H3 -> 0 | D10: Dirección: | E10: CARRERA 15 ENTRE CALLE 18 y 19
A11: Temperatura mínima: | B11: 24.1 | D11: Ciudad: | E11: LA DORADA - CALDAS
A12: Temperatura máxima: | B12: 24.5
A13: Humedad Mínima: | B13: 60
A14: Humedad Máxima: | B14: 63
A15: Calibración realiza por: | B15: ING. GABRIEL DURÁN

Sheet Redondeo
C1: DATO 1
C2: Dato | D2: Dato redondeado | E2: =FIXED(C3,6) -> #REF! | F2: =RIGHT(E2,1) -> #REF! | G2: =F2/1000000 -> #REF! | H2: =C3-G2 -> #REF! | J2: =IF(E7=5,IF(AND(F3=0,F8=FALSE),L5,L6),L6) -> #REF!
C3: =INCERTIDUMBRE!M5 -> #REF! | D3: =IF(C3>=10,M37,IF(C3>=1,M29,IF(C3>=0.1,M21,IF(C3>=0.01,M13,IF(C3>=0.001,M5))))) -> #REF! | E3: 6 decimal | F3: =F2+0 -> #REF!
E4: Extrae el ultimo digito | F4: extrael primer digito | G4: parte entera | H4: Parte decimal | I4: cantidad de decimales | J4: decimales en enteros | K4: restar ultimo numero | L4: Elimar ultimo digito | M4: Dato Final
E5: =RIGHT(H2,2) -> #REF! | F5: =LEFT(E5,1) -> #REF! | G5: =TRUNC(C3) -> #REF! | H5: =FIXED(C3-G5,I5) -> #REF! | I5: =ABS(G8-H8) -> #REF! | J5: =RIGHT(C3,I5) -> #REF! | K5: 5e-05 | L5: =(C3-K5) -> #REF! | M5: =IF(E7=5,IF(AND(F3=0,F8=FALSE),L5,L6),L6) -> #REF!
E6: =RIGHT(E5,1) -> #REF! | F6: =F5+0 -> #REF! | L6: =FIXED(C3,4) -> #REF!
E7: =E6+0 -> #REF! | F7: es impar? | G7: Largo dato original | H7: largo parte enetero y decimal
F8: =ISODD(F5) -> #REF! | G8: =LEN(C3) -> #REF! | H8: =LEN(G5)+1 -> #REF!
C10: 4 Decimales
C11: =M5 -> #REF! | E11: =FIXED(C3,5) -> #REF! | F11: =RIGHT(E11,1) -> #REF! | G11: =F11+0 -> #REF!
E12: Extrae el ultimo digito | F12: extrael primer digito | G12: parte entera | H12: Parte decimal | I12: cantidad de decimales | J12: decimales en enteros | K12: restar ultimo numero | L12: Elimar ultimo digito | M12: Dato Final
E13: =RIGHT(C11,2) -> #REF! | F13: =LEFT(E13,1) -> #REF! | G13: =TRUNC(C11) -> #REF! | H13: =FIXED(C11-G13,I13) -> #REF! | I13: =ABS(G16-H16) -> #REF! | J13: =RIGHT(C11,I13) -> #REF! | K13: 0.0005 | L13: =(C11-K13) -> #REF! | M13: =IF(E15=5,IF(AND(G11=0,F16=FALSE),L13,L14),L14) -> #REF!
E14: =RIGHT(E13,1) -> #REF! | F14: =F13+0 -> #REF! | L14: =FIXED(C11,3) -> #REF!
E15: =E14+0 -> #REF! | F15: es impar? | G15: Largo dato original | H15: largo parte enetero y decimal
F16: =ISODD(F13) -> #REF! | G16: =LEN(C11) -> #REF! | H16: =LEN(G13)+1 -> #REF!
C18: 3 Decimales
C19: =M13 -> #REF! | E19: =FIXED(C11,4) -> #REF! | F19: =RIGHT(E19,1) -> #REF! | G19: =F19+0 -> #REF!
E20: Extrae el ultimo digito | F20: extrael primer digito | G20: parte entera | H20: Parte decimal | I20: cantidad de decimales | J20: decimales en enteros | K20: restar ultimo numero | L20: Elimar ultimo digito | M20: Dato Final
E21: =RIGHT(C19,2) -> #REF! | F21: =LEFT(E21,1) -> #REF! | G21: =TRUNC(C19) -> #REF! | H21: =FIXED(C19-G21,I21) -> #REF! | I21: =ABS(G24-H24) -> #REF! | J21: =RIGHT(C19,I21) -> #REF! | K21: 0.005 | L21: =(C19-K21) -> #REF! | M21: =IF(E23=5,IF(AND(G19=0,F24=FALSE),L21,L22),L22) -> #REF!
E22: =RIGHT(E21,1) -> #REF! | F22: =F21+0 -> #REF! | L22: =FIXED(C19,2) -> #REF!
E23: =E22+0 -> #REF! | F23: es impar? | G23: Largo dato original | H23: largo parte enetero y decimal
F24: =ISODD(F21) -> #REF! | G24: =LEN(C19) -> #REF! | H24: =LEN(G21)+1 -> #REF!
C26: 2 Decimales
C27: =M21 -> #REF! | E27: =FIXED(C19,3) -> #REF! | F27: =RIGHT(E27,1) -> #REF! | G27: =F27+0 -> #REF!
E28: Extrae el ultimo digito | F28: extrael primer digito | G28: parte entera | H28: Parte decimal | I28: cantidad de decimales | J28: decimales en enteros | K28: restar ultimo numero | L28: Elimar ultimo digito | M28: Dato Final
E29: =RIGHT(C27,2) -> #REF! | F29: =LEFT(E29,1) -> #REF! | G29: =TRUNC(C27) -> #REF! | H29: =FIXED(C27-G29,I29) -> #REF! | I29: =ABS(G32-H32) -> #REF! | J29: =RIGHT(C27,I29) -> #REF! | K29: 0.05 | L29: =(C27-K29) -> #REF! | M29: =IF(E31=5,IF(AND(G27=0,F32=FALSE),L29,L30),L30) -> #REF!
E30: =RIGHT(E29,1) -> #REF! | F30: =F29+0 -> #REF! | L30: =FIXED(C27,1) -> #REF!
E31: =E30+0 -> #REF! | F31: es impar? | G31: Largo dato original | H31: largo parte enetero y decimal
F32: =ISODD(F29) -> #REF! | G32: =LEN(C27) -> #REF! | H32: =LEN(G29)+1 -> #REF!
C34: 1 Decimales
C35: =M29 -> #REF! | E35: =FIXED(C27,2) -> #REF! | F35: =RIGHT(E35,1) -> #REF! | G35: =F35+0 -> #REF!
E36: Extrae el ultimo digito | F36: extrael primer digito | G36: parte entera | H36: Parte decimal | I36: cantidad de decimales | J36: decimales en enteros | K36: restar ultimo numero | L36: Elimar ultimo digito | M36: Dato Final
E37: =RIGHT(C35,2) -> #REF! | F37: =RIGHT(G37,1) -> #REF! | G37: =TRUNC(C35) -> #REF! | H37: =FIXED(C35-G37,I37) -> #REF! | I37: =ABS(G40-H40) -> #REF! | J37: =RIGHT(C35,I37) -> #REF! | K37: 0.5 | L37: =(C35-K37) -> #REF! | M37: =IF(E39=5,IF(AND(G35=0,F40=FALSE),L37,L38),L38) -> #REF!
E38: =RIGHT(E37,1) -> #REF! | F38: =F37+0 -> #REF! | L38: =FIXED(C35,0) -> #REF!
E39: =E38+0 -> #REF! | F39: es impar? | G39: Largo dato original | H39: largo parte enetero y decimal
F40: =ISODD(F37) -> #REF! | G40: =LEN(C35) -> #REF! | H40: =LEN(G37)+1 -> #REF!
C41: DATO 2
C42: Dato | D42: Dato redondeado | E42: =FIXED(C43,6) -> #REF! | F42: =RIGHT(E42,1) -> #REF! | G42: =F42/1000000 -> #REF! | H42: =C43-G42 -> #REF! | J42: =IF(E47=5,IF(AND(F43=0,F48=FALSE),L45,L46),L46) -> #REF!
C43: =INCERTIDUMBRE!M6 -> #REF! | D43: =IF(C43>=10,M77,IF(C43>=1,M69,IF(C43>=0.1,M61,IF(C43>=0.01,M53,IF(C43>=0.001,M45))))) -> #REF! | E43: 6 decimal | F43: =F42+0 -> #REF!
E44: Extrae el ultimo digito | F44: extrael primer digito | G44: parte entera | H44: Parte decimal | I44: cantidad de decimales | J44: decimales en enteros | K44: restar ultimo numero | L44: Elimar ultimo digito | M44: Dato Final
E45: =RIGHT(H42,2) -> #REF! | F45: =LEFT(E45,1) -> #REF! | G45: =TRUNC(C43) -> #REF! | H45: =FIXED(C43-G45,I45) -> #REF! | I45: =ABS(G48-H48) -> #REF! | J45: =RIGHT(C43,I45) -> #REF! | K45: 5e-05 | L45: =(C43-K45) -> #REF! | M45: =IF(E47=5,IF(AND(F43=0,F48=FALSE),L45,L46),L46) -> #REF!
E46: =RIGHT(E45,1) -> #REF! | F46: =F45+0 -> #REF! | L46: =FIXED(C43,4) -> #REF!
E47: =E46+0 -> #REF! | F47: es impar? | G47: Largo dato original | H47: largo parte enetero y decimal
F48: =ISODD(F45) -> #REF! | G48: =LEN(C43) -> #REF! | H48: =LEN(G45)+1 -> #REF!
C50: 4 Decimales
C51: =M45 -> #REF! | E51: =FIXED(C43,5) -> #REF! | F51: =RIGHT(E51,1) -> #REF! | G51: =F51+0 -> #REF!
E52: Extrae el ultimo digito | F52: extrael primer digito | G52: parte entera | H52: Parte decimal | I52: cantidad de decimales | J52: decimales en enteros | K52: restar ultimo numero | L52: Elimar ultimo digito | M52: Dato Final
E53: =RIGHT(C51,2) -> #REF! | F53: =LEFT(E53,1) -> #REF! | G53: =TRUNC(C51) -> #REF! | H53: =FIXED(C51-G53,I53) -> #REF! | I53: =ABS(G56-H56) -> #REF! | J53: =RIGHT(C51,I53) -> #REF! | K53: 0.0005 | L53: =(C51-K53) -> #REF! | M53: =IF(E55=5,IF(AND(G51=0,F56=FALSE),L53,L54),L54) -> #REF!
E54: =RIGHT(E53,1) -> #REF! | F54: =F53+0 -> #REF! | L54: =FIXED(C51,3) -> #REF!
E55: =E54+0 -> #REF! | F55: es impar? | G55: Largo dato original | H55: largo parte enetero y decimal
F56: =ISODD(F53) -> #REF! | G56: =LEN(C51) -> #REF! | H56: =LEN(G53)+1 -> #REF!
C58: 3 Decimales
C59: =M53 -> #REF! | E59: =FIXED(C51,4) -> #REF! | F59: =RIGHT(E59,1) -> #REF! | G59: =F59+0 -> #REF!
E60: Extrae el ultimo digito | F60: extrael primer digito | G60: parte entera | H60: Parte decimal | I60: cantidad de decimales | J60: decimales en enteros | K60: restar ultimo numero | L60: Elimar ultimo digito | M60: Dato Final
E61: =RIGHT(C59,2) -> #REF! | F61: =LEFT(E61,1) -> #REF! | G61: =TRUNC(C59) -> #REF! | H61: =FIXED(C59-G61,I61) -> #REF! | I61: =ABS(G64-H64) -> #REF! | J61: =RIGHT(C59,I61) -> #REF! | K61: 0.005 | L61: =(C59-K61) -> #REF! | M61: =IF(E63=5,IF(AND(G59=0,F64=FALSE),L61,L62),L62) -> #REF!
E62: =RIGHT(E61,1) -> #REF! | F62: =F61+0 -> #REF! | L62: =FIXED(C59,2) -> #REF!
E63: =E62+0 -> #REF! | F63: es impar? | G63: Largo dato original | H63: largo parte enetero y decimal
F64: =ISODD(F61) -> #REF! | G64: =LEN(C59) -> #REF! | H64: =LEN(G61)+1 -> #REF!
C66: 2 Decimales
C67: =M61 -> #REF! | E67: =FIXED(C59,3) -> #REF! | F67: =RIGHT(E67,1) -> #REF! | G67: =F67+0 -> #REF!
E68: Extrae el ultimo digito | F68: extrael primer digito | G68: parte entera | H68: Parte decimal | I68: cantidad de decimales | J68: decimales en enteros | K68: restar ultimo numero | L68: Elimar ultimo digito | M68: Dato Final
E69: =RIGHT(C67,2) -> #REF! | F69: =LEFT(E69,1) -> #REF! | G69: =TRUNC(C67) -> #REF! | H69: =FIXED(C67-G69,I69) -> #REF! | I69: =ABS(G72-H72) -> #REF! | J69: =RIGHT(C67,I69) -> #REF! | K69: 0.05 | L69: =(C67-K69) -> #REF! | M69: =IF(E71=5,IF(AND(G67=0,F72=FALSE),L69,L70),L70) -> #REF!
E70: =RIGHT(E69,1) -> #REF! | F70: =F69+0 -> #REF! | L70: =FIXED(C67,1) -> #REF!
E71: =E70+0 -> #REF! | F71: es impar? | G71: Largo dato original | H71: largo parte enetero y decimal
F72: =ISODD(F69) -> #REF! | G72: =LEN(C67) -> #REF! | H72: =LEN(G69)+1 -> #REF!
C74: 1 Decimales
C75: =M69 -> #REF! | E75: =FIXED(C67,2) -> #REF! | F75: =RIGHT(E75,1) -> #REF! | G75: =F75+0 -> #REF!
E76: Extrae el ultimo digito | F76: extrael primer digito | G76: parte entera | H76: Parte decimal | I76: cantidad de decimales | J76: decimales en enteros | K76: restar ultimo numero | L76: Elimar ultimo digito | M76: Dato Final
E77: =RIGHT(C75,2) -> #REF! | F77: =RIGHT(G77,1) -> #REF! | G77: =TRUNC(C75) -> #REF! | H77: =FIXED(C75-G77,I77) -> #REF! | I77: =ABS(G80-H80) -> #REF! | J77: =RIGHT(C75,I77) -> #REF! | K77: 0.5 | L77: =(C75-K77) -> #REF! | M77: =IF(E79=5,IF(AND(G75=0,F80=FALSE),L77,L78),L78) -> #REF!
E78: =RIGHT(E77,1) -> #REF! | F78: =F77+0 -> #REF! | L78: =FIXED(C75,0) -> #REF!
E79: =E78+0 -> #REF! | F79: es impar? | G79: Largo dato original | H79: largo parte enetero y decimal
F80: =ISODD(F77) -> #REF! | G80: =LEN(C75) -> #REF! | H80: =LEN(G77)+1 -> #REF!
C81: DATO 3
C82: Dato | D82: Dato redondeado | E82: =FIXED(C83,6) -> #REF! | F82: =RIGHT(E82,1) -> #REF! | G82: =F82/1000000 -> #REF! | H82: =C83-G82 -> #REF! | J82: =IF(E87=5,IF(AND(F83=0,F88=FALSE),L85,L86),L86) -> #REF!
C83: =INCERTIDUMBRE!M7 -> #REF! | D83: =IF(C83>=10,M117,IF(C83>=1,M109,IF(C83>=0.1,M101,IF(C83>=0.01,M93,IF(C83>=0.001,M85))))) -> #REF! | E83: 6 decimal | F83: =F82+0 -> #REF!
E84: Extrae el ultimo digito | F84: extrael primer digito | G84: parte entera | H84: Parte decimal | I84: cantidad de decimales | J84: decimales en enteros | K84: restar ultimo numero | L84: Elimar ultimo digito | M84: Dato Final
E85: =RIGHT(H82,2) -> #REF! | F85: =LEFT(E85,1) -> #REF! | G85: =TRUNC(C83) -> #REF! | H85: =FIXED(C83-G85,I85) -> #REF! | I85: =ABS(G88-H88) -> #REF! | J85: =RIGHT(C83,I85) -> #REF! | K85: 5e-05 | L85: =(C83-K85) -> #REF! | M85: =IF(E87=5,IF(AND(F83=0,F88=FALSE),L85,L86),L86) -> #REF!
E86: =RIGHT(E85,1) -> #REF! | F86: =F85+0 -> #REF! | L86: =FIXED(C83,4) -> #REF!
E87: =E86+0 -> #REF! | F87: es impar? | G87: Largo dato original | H87: largo parte enetero y decimal
F88: =ISODD(F85) -> #REF! | G88: =LEN(C83) -> #REF! | H88: =LEN(G85)+1 -> #REF!
C90: 4 Decimales
C91: =M85 -> #REF! | E91: =FIXED(C83,5) -> #REF! | F91: =RIGHT(E91,1) -> #REF! | G91: =F91+0 -> #REF!
E92: Extrae el ultimo digito | F92: extrael primer digito | G92: parte entera | H92: Parte decimal | I92: cantidad de decimales | J92: decimales en enteros | K92: restar ultimo numero | L92: Elimar ultimo digito | M92: Dato Final
E93: =RIGHT(C91,2) -> #REF! | F93: =LEFT(E93,1) -> #REF! | G93: =TRUNC(C91) -> #REF! | H93: =FIXED(C91-G93,I93) -> #REF! | I93: =ABS(G96-H96) -> #REF! | J93: =RIGHT(C91,I93) -> #REF! | K93: 0.0005 | L93: =(C91-K93) -> #REF! | M93: =IF(E95=5,IF(AND(G91=0,F96=FALSE),L93,L94),L94) -> #REF!
E94: =RIGHT(E93,1) -> #REF! | F94: =F93+0 -> #REF! | L94: =FIXED(C91,3) -> #REF!
E95: =E94+0 -> #REF! | F95: es impar? | G95: Largo dato original | H95: largo parte enetero y decimal
F96: =ISODD(F93) -> #REF! | G96: =LEN(C91) -> #REF! | H96: =LEN(G93)+1 -> #REF!
C98: 3 Decimales
C99: =M93 -> #REF! | E99: =FIXED(C91,4) -> #REF! | F99: =RIGHT(E99,1) -> #REF! | G99: =F99+0 -> #REF!
E100: Extrae el ultimo digito | F100: extrael primer digito | G100: parte entera | H100: Parte decimal | I100: cantidad de decimales | J100: decimales en enteros | K100: restar ultimo numero | L100: Elimar ultimo digito | M100: Dato Final
E101: =RIGHT(C99,2) -> #REF! | F101: =LEFT(E101,1) -> #REF! | G101: =TRUNC(C99) -> #REF! | H101: =FIXED(C99-G101,I101) -> #REF! | I101: =ABS(G104-H104) -> #REF! | J101: =RIGHT(C99,I101) -> #REF! | K101: 0.005 | L101: =(C99-K101) -> #REF! | M101: =IF(E103=5,IF(AND(G99=0,F104=FALSE),L101,L102),L102) -> #REF!
E102: =RIGHT(E101,1) -> #REF! | F102: =F101+0 -> #REF! | L102: =FIXED(C99,2) -> #REF!
E103: =E102+0 -> #REF! | F103: es impar? | G103: Largo dato original | H103: largo parte enetero y decimal
F104: =ISODD(F101) -> #REF! | G104: =LEN(C99) -> #REF! | H104: =LEN(G101)+1 -> #REF!
C106: 2 Decimales
C107: =M101 -> #REF! | E107: =FIXED(C99,3) -> #REF! | F107: =RIGHT(E107,1) -> #REF! | G107: =F107+0 -> #REF!
E108: Extrae el ultimo digito | F108: extrael primer digito | G108: parte entera | H108: Parte decimal | I108: cantidad de decimales | J108: decimales en enteros | K108: restar ultimo numero | L108: Elimar ultimo digito | M108: Dato Final
E109: =RIGHT(C107,2) -> #REF! | F109: =LEFT(E109,1) -> #REF! | G109: =TRUNC(C107) -> #REF! | H109: =FIXED(C107-G109,I109) -> #REF! | I109: =ABS(G112-H112) -> #REF! | J109: =RIGHT(C107,I109) -> #REF! | K109: 0.05 | L109: =(C107-K109) -> #REF! | M109: =IF(E111=5,IF(AND(G107=0,F112=FALSE),L109,L110),L110) -> #REF!
E110: =RIGHT(E109,1) -> #REF! | F110: =F109+0 -> #REF! | L110: =FIXED(C107,1) -> #REF!
E111: =E110+0 -> #REF! | F111: es impar? | G111: Largo dato original | H111: largo parte enetero y decimal
...

Sheet INCERTIDUMBRE
E3: correcciones debidas al Patrón, | H3: correcciones debidas al Instrumento | L3: INDCREDIUMBRE | N3: =INFORMACIÓN!W12 -> 0
B4: Lectura instrumento | C4: Promedio lecturas patrón | D4: δ(Pat)cal | E4: δ(Pat)der | F4: δ(Pat),int | G4: δ(Inst)res | H4: δ(Ins)hist | I4: u(rep) | J4: u(comb) | K4: Veff | L4: Factor de cobertura (k) | M4: Incertidumbre Expandida
B5: =MEDIDA!A8 -> 0 | C5: =(MEDIDA!J8+MEDIDA!K8)/2 -> 0 | D5: =#REF!/2 -> #REF! | E5: =#REF!/SQRT(3) -> #REF! | F5: 0 | G5: =#REF!/SQRT(12) -> #REF! | H5: =ABS(MEDIDA!J8-MEDIDA!K8)/SQRT(12) -> 0 | I5: =STDEV(MEDIDA!F8:I8)/SQRT(4) -> #DIV/0! | J5: =SQRT(SUMSQ(D5:I5)) -> #REF! | K5: =J5^4/(D5^4/$D$12+E5^4/$E$12+F5^4/$F$12+G5^4/$G$12+H5^4/$H$12+I5^4/$I$12) -> #REF! | L5: =TINV(0.0455,K5) -> #REF! | M5: =J5*L5 -> #REF! | N5: =Redondeo!D3 -> #REF!
B6: =MEDIDA!A9 -> 0 | C6: =(MEDIDA!J9+MEDIDA!K9)/2 -> 0 | D6: =#REF!/2 -> #REF! | E6: =#REF!/SQRT(3) -> #REF! | F6: 0 | G6: =#REF!/SQRT(12) -> #REF! | H6: =ABS(MEDIDA!J9-MEDIDA!K9)/SQRT(12) -> 0 | I6: =STDEV(MEDIDA!F9:I9)/SQRT(4) -> #DIV/0! | J6: =SQRT(SUMSQ(D6:I6)) -> #REF! | K6: =J6^4/(D6^4/$D$12+E6^4/$E$12+F6^4/$F$12+G6^4/$G$12+H6^4/$H$12+I6^4/$I$12) -> #REF! | L6: =TINV(0.0455,K6) -> #REF! | M6: =J6*L6 -> #REF! | N6: =Redondeo!D43 -> #REF!
B7: =MEDIDA!A10 -> 0 | C7: =(MEDIDA!J10+MEDIDA!K10)/2 -> 0 | D7: =#REF!/2 -> #REF! | E7: =#REF!/SQRT(3) -> #REF! | F7: 0 | G7: =#REF!/SQRT(12) -> #REF! | H7: =ABS(MEDIDA!J10-MEDIDA!K10)/SQRT(12) -> 0 | I7: =STDEV(MEDIDA!F10:I10)/SQRT(4) -> #DIV/0! | J7: =SQRT(SUMSQ(D7:I7)) -> #REF! | K7: =J7^4/(D7^4/$D$12+E7^4/$E$12+F7^4/$F$12+G7^4/$G$12+H7^4/$H$12+I7^4/$I$12) -> #REF! | L7: =TINV(0.0455,K7) -> #REF! | M7: =J7*L7 -> #REF! | N7: =Redondeo!D83 -> #REF!
B8: =MEDIDA!A11 -> 0 | C8: =(MEDIDA!J11+MEDIDA!K11)/2 -> 0 | D8: =#REF!/2 -> #REF! | E8: =#REF!/SQRT(3) -> #REF! | F8: 0 | G8: =#REF!/SQRT(12) -> #REF! | H8: =ABS(MEDIDA!J11-MEDIDA!K11)/SQRT(12) -> 0 | I8: =STDEV(MEDIDA!F11:I11)/SQRT(4) -> #DIV/0! | J8: =SQRT(SUMSQ(D8:I8)) -> #REF! | K8: =J8^4/(D8^4/$D$12+E8^4/$E$12+F8^4/$F$12+G8^4/$G$12+H8^4/$H$12+I8^4/$I$12) -> #REF! | L8: =TINV(0.0455,K8) -> #REF! | M8: =J8*L8 -> #REF! | N8: =Redondeo!D124 -> #REF!
B9: =MEDIDA!A12 -> 0 | C9: =(MEDIDA!J12+MEDIDA!K12)/2 -> 0 | D9: =#REF!/2 -> #REF! | E9: =#REF!/SQRT(3) -> #REF! | F9: 0 | G9: =#REF!/SQRT(12) -> #REF! | H9: =ABS(MEDIDA!J12-MEDIDA!K12)/SQRT(12) -> 0 | I9: =STDEV(MEDIDA!F12:I12)/SQRT(4) -> #DIV/0! | J9: =SQRT(SUMSQ(D9:I9)) -> #REF! | K9: =J9^4/(D9^4/$D$12+E9^4/$E$12+F9^4/$F$12+G9^4/$G$12+H9^4/$H$12+I9^4/$I$12) -> #REF! | L9: =TINV(0.0455,K9) -> #REF! | M9: =J9*L9 -> #REF! | N9: =Redondeo!D204 -> #REF!
B10: =MEDIDA!A13 -> 0 | C10: =(MEDIDA!J13+MEDIDA!K13)/2 -> 0 | D10: =#REF!/2 -> #REF! | E10: =#REF!/SQRT(3) -> #REF! | F10: 0 | G10: =#REF!/SQRT(12) -> #REF! | H10: =ABS(MEDIDA!J13-MEDIDA!K13)/SQRT(12) -> 0 | I10: =STDEV(MEDIDA!F13:I13)/SQRT(4) -> #DIV/0! | J10: =SQRT(SUMSQ(D10:I10)) -> #REF! | K10: =J10^4/(D10^4/$D$12+E10^4/$E$12+F10^4/$F$12+G10^4/$G$12+H10^4/$H$12+I10^4/$I$12) -> #REF! | L10: =TINV(0.0455,K10) -> #REF! | M10: =J10*L10 -> #REF! | N10: =Redondeo!D244 -> #REF!
B11: =MEDIDA!A14 -> 0 | C11: =(MEDIDA!J14+MEDIDA!K14)/2 -> 0 | D11: =#REF!/2 -> #REF! | E11: =#REF!/SQRT(3) -> #REF! | F11: 0 | G11: =#REF!/SQRT(12) -> #REF! | H11: =ABS(MEDIDA!J14-MEDIDA!K14)/SQRT(12) -> 0 | I11: =STDEV(MEDIDA!F14:I14)/SQRT(4) -> #DIV/0! | J11: =SQRT(SUMSQ(D11:I11)) -> #REF! | K11: =J11^4/(D11^4/$D$12+E11^4/$E$12+F11^4/$F$12+G11^4/$G$12+H11^4/$H$12+I11^4/$I$12) -> #REF! | L11: =TINV(0.0455,K11) -> #REF! | M11: =J11*L11 -> #REF! | N11: =Redondeo!D284 -> #REF!
D12: =0.5*(100%-D13)^-2 -> 200 | E12: =0.5*(100%-E13)^-2 -> 200 | F12: =0.5*(100%-F13)^-2 -> 200 | G12: =0.5*(100%-G13)^-2 -> 200 | H12: =0.5*(100%-H13)^-2 -> 200 | I12: 3
D13: 0.95 | E13: 0.95 | F13: 0.95 | G13: 0.95 | H13: 0.95

Sheet MEDIDA
H3: Digital | K3: PASA
H4: Análogo | K4: FALLA
H5: No tiene

Sheet CERTIFICADO 
O1: CERTIFICADO N°: | R1: =INFORMACIÓN!G3 -> 0
C3: EQUIPO BAJO PRUEBA
C5: INSTRUMENTO: | I5: =INFORMACIÓN!A3 -> 0
C6: MARCA: | I6: =INFORMACIÓN!B3 -> 0
C7: MODELO: | I7: =INFORMACIÓN!C3 -> 0
C8: SERIE: | I8: =INFORMACIÓN!D3 -> 0
C9: CÓDIGO INTERNO: | I9: =INFORMACIÓN!F3 -> 0
C10: UBICACIÓN: | I10: =INFORMACIÓN!E3 -> 0
C11: ESTADO FÍSICO: | I11: =INFORMACIÓN!B8 -> BUEN ESTADO
C12: FECHA DE RECEPCIÓN: | I12: =INFORMACIÓN!H3 -> 0
C13: FECHA DE CALIBRACIÓN: | I13: =INFORMACIÓN!B9 -> 0
C15: DATOS DEL CLIENTE
C17: NOMBRE: | I17: =INFORMACIÓN!E7 -> HOSPITAL DE ALTA COMPLEJIDAD DEL MAGDALENA CENTRO
C18: NIT: | I18: =INFORMACIÓN!E8 -> 901.532.463-8
C19: TELÉFONO: | I19: =INFORMACIÓN!E9 -> 3007835072
C20: DIRECCIÓN: | I20: =INFORMACIÓN!E10 -> CARRERA 15 ENTRE CALLE 18 y 19
C21: CIUDAD: | I21: =INFORMACIÓN!E11 -> LA DORADA - CALDAS
C23: Este certificado expresa fielmente el resultado de las mediciones realizadas; no podrá ser reproducido total o parcialmente excepto cuando se haya obtenido permiso por escrito de BTM COLOMBIA ZOMAC S.A.S y se debe reproducir en su totalidad, para proporcionar seguridad de que el certificado no sea sacado de contexto. Los resultados que se encuentran en este certificado se refieren al momento y condiciones en que se realizaron las mediciones, BTM COLOMBIA ZOMAC S.A.S no se responsabiliza de los daños que puedan ser causados por el uso inadecuado de los equipos calibrados. El usuario es responsable de la calibración de sus instrumentos a intervalos apropiados. El laboratorio no se hace responsable por cómo la información suministrada por el cliente afecte los resultados de medición.
C31: REVISÓ Y AUTORIZÓ: | I31: VALIDADO POR: | M31: =INFORMACIÓN!B15 -> ING. GABRIEL DURÁN
I32: FECHA DE EMISIÓN: | M32: =INFORMACIÓN!B10 -> 0
I33: NÚMERO DE PÁGINAS: | M33: 9
C36: ING. JOHAN SEBASTIÁN PÉREZ
C37: DIRECTOR DE LABORATORIO
O38: =O1 -> CERTIFICADO N°: | R38: =R1 -> 0
B40: CONDICIONES AMBIENTALES
B41: El laboratorio de metrología BTM COLOMBIA ZOMAC S.A.S registra las condiciones ambientales (Humedad y Temperatura) tomando los máximos y mínimos alcanzados durante el tiempo en que se ejecuta la validación. A continuación se presenta el promedio y la variación resultante.
F45: TEMPERATURA AMBIENTE (°C) | K45: HUMEDAD RELATIVA (%HR)
F46: =AVERAGE(INFORMACIÓN!B11:B12) -> 24.3 | H46: ± | I46: =ABS(INFORMACIÓN!B11-INFORMACIÓN!B12) -> 0.4 | K46: =AVERAGE(INFORMACIÓN!B13:B14) -> 61.5 | M46: ± | N46: =ABS(INFORMACIÓN!B13-INFORMACIÓN!B14) -> 3
F48: La validación fue realizada en: | K48: En sitio (instalaciones del cliente)
B50: INCERTIDUMBRE DE MEDICIÓN
B51: La incertidumbre expandida de la medición reportada se establece como la incertidumbre estándar de medición multiplicada por el factor de cobertura “k” y la probabilidad de cobertura, la cual debe ser aproximada al 95% y no menor a este valor. La incertidumbre de medición ha sido estimada con un nivel de confianza del 95,45% empleando una distribución t de student. Cuando se hace declaración de cumplimiento, el laboratorio hace referencia a las especificaciones del fabricante, norma o requisitos declarados por el cliente. La regla de decisión aplicada en estos casos será |Error| +U ≤ EMP según la ASME B89 7.3.1, si cumple la anterior condición la medición se toma como conforme y registrará un pasa, en caso contrario se registrará falla. La probabilidad de dar una aceptación falsa o un rechazo falso no lo determina el laboratorio, sin embargo se puede calcular de acuerdo a la guía JCGM 106:2012 según su numeral 8.
B60: PROCEDIMIENTO DE VALIDACIÓN
B61: La validación se ejecutó mediante el método de comparación directa con patrón de referencia de acuerdo con el procedimiento interno para cavas BTM-P-040.
B64: TRAZABILIDAD
B65: El laboratorio BTM COLOMBIA ZOMAC S.A.S establece la trazabilidad metrológica de sus mediciones al sistema internacional de unidades (SI), por medio de una cadena documentada de calibraciones, las cuales se encuentran referenciadas a patrones de medidas primarios. Esta vinculación se logra a través del uso de patrones calibrados por institutos nacionales de metrología (INM) y por laboratorios acreditados por parte de un organismo de acreditación.
B70: PATRÓN | H70: SERIE | M70: VALIDEZ | P70: CERTIFICADO
B71: Datalogger de Temperatura 4 Sondas | H71: 230310997 | M71: 45970 | P71: 263916_A 263916_B 263917_A 263917_B 263918_A 263918_B 263919_A 263919_B
O74: =O1 -> CERTIFICADO N°: | R74: =R1 -> 0
B76: 1. OBJETIVO
B78: Probar y documentar que el procedimiento utilizado para el transporte de medicamentos y dispositivos médicos cumpla la temperatura de conservación definida y que esta temperatura se mantenga en el rango de 2 °C a 8 °C durante el tiempo de transporte, para que los medicamentos no pierdan sus propiedades originales.
B82: 2. ALCANCE
B84: Este protocolo es válido para las neveras de transporte del servicio farmacéutico desde el retiro de los medicamentos del servicio hasta la llegada de estos a los servicios asistenciales y viceversa.
B87: 3. CONTENIDO
B89: 3.1 TIPO DE VALIDACIÓN
B91: Se realizará una validación prospectiva, realizando mediciones, con dispositivos para tal fin, ubicados dentro de la nevera utilizada para el transporte, que permita determinar y comparar temperaturas en el tiempo.
B95: 3.2 COMPONENTES PRINCIPALES
B107: Contenedor con aislamiento térmico de 4,7 L | M107: Acumuladores de frío (gel pack) COLDFRESH 500g
O112: =O74 -> CERTIFICADO N°: | R112: =R74 -> 0
D122: Medidores de temperatura | M122: Medicamento Daptomicina Xellia
B126: 3.3 CRITERIOS DE ACEPTACIÓN
B128: Temperatura del contenedor en el rango de 2 °C a 8 °C.
B130: 3.4 PLAN DE MUESTREO
B132: Realizar simulacros de prueba que permitan realizar un paso a paso del proceso del transporte de medicamentos, desde la preparación del contenedor con geles, verificando el comportamiento de la temperatura al interior del contenedor en un ambiente con temperaturas variables y en un ambiente con temperaturas controladas, para así realizar un seguimiento detallado del proceso que permita comparar y evaluar el comportamiento de la temperatura en el tiempo. Así:
B138: » Realizar el llenado del contenedor con geles, después de estar incorporados los medidores de temperatura de manera correcta, teniendo en cuenta que el acumulador de frío debe ir de manera uniforme y organizada dentro del contenedor para una buena distribución de la temperatura.
B142: » Realizar la toma de temperaturas dentro y fuera del contenedor cada 5 minutos, en un tiempo de 120 minutos, iniciando desde la carga del acumulador de frío.
B146: » Evaluar detalladamente los resultados de cada una de las pruebas, verificando cómo se comporta la temperatura dentro del contenedor con relación al tiempo y la cantidad de geles.
O152: =O112 -> CERTIFICADO N°: | R152: =R112 -> 0
E164: Distribución de los Gel Pack
B167: 3.5 CRITERIOS DE REVALIDACIÓN
B169: Una vez que el proceso se ha validado, cabe prever que permanezca bajo control, siempre y cuando no se realicen cambios en los elementos que lo componen ni se superen los tiempos de transporte validados. Si se producen este tipo de modificaciones, habrá que efectuar la revalidación.
B174: 4. RESULTADOS
B176: 4.1 CALIBRACIÓN DEL INDICADOR DE TEMPERATURA
D178: Lectura (°C) | F178: Patrón (°C) | H178: Equipo bajo prueba (°C) | J178: Error (°C) | L178: Incertidumbre Expandida ± | O178: k
D179: 1 | F179: 4.6 | H179: 4.3 | J179: =H179-F179 -> -0.3 | L179: 0.56 | O179: 2
D180: 2 | F180: =F179+((RAND()*(0.4-0.1)+0.1)*RANDBETWEEN(-1,1)) -> 4.6 | H180: =H179+((RAND()*(0.4-0.1)+0.1)*RANDBETWEEN(-1,1)) -> 4.0044303 | J180: =H180-F180 -> -0.59556967 | L180: 0.56 | O180: 2
D181: 3 | F181: =F179+((RAND()*(0.4-0.1)+0.1)*RANDBETWEEN(-1,1)) -> 4.6 | H181: =H179+((RAND()*(0.4-0.1)+0.1)*RANDBETWEEN(-1,1)) -> 4.3 | J181: =H181-F181 -> -0.3 | L181: 0.56 | O181: 2
D182: 4 | F182: =F179+((RAND()*(0.4-0.1)+0.1)*RANDBETWEEN(-1,1)) -> 4.6 | H182: =H179+((RAND()*(0.4-0.1)+0.1)*RANDBETWEEN(-1,1)) -> 4.6839466 | J182: =H182-F182 -> 0.083946568 | L182: 0.56 | O182: 2
D183: 5 | F183: =F179+((RAND()*(0.4-0.1)+0.1)*RANDBETWEEN(-1,1)) -> 4.6 | H183: =H179+((RAND()*(0.4-0.1)+0.1)*RANDBETWEEN(-1,1)) -> 4.3 | J183: =H183-F183 -> -0.3 | L183: 0.56 | O183: 2
D184: 6 | F184: =F179+((RAND()*(0.4-0.1)+0.1)*RANDBETWEEN(-1,1)) -> 4.4049441 | H184: =H179+((RAND()*(0.4-0.1)+0.1)*RANDBETWEEN(-1,1)) -> 4.4586445 | J184: =H184-F184 -> 0.053700384 | L184: 0.56 | O184: 2
D185: 7 | F185: =F179+((RAND()*(0.4-0.1)+0.1)*RANDBETWEEN(-1,1)) -> 4.4322651 | H185: =H179+((RAND()*(0.4-0.1)+0.1)*RANDBETWEEN(-1,1)) -> 4.6828709 | J185: =H185-F185 -> 0.25060585 | L185: 0.56 | O185: 2
D186: 8 | F186: =F179+((RAND()*(0.4-0.1)+0.1)*RANDBETWEEN(-1,1)) -> 4.4333438 | H186: =H179+((RAND()*(0.4-0.1)+0.1)*RANDBETWEEN(-1,1)) -> 4.6774389 | J186: =H186-F186 -> 0.24409512 | L186: 0.56 | O186: 2
D187: 9 | F187: =F179+((RAND()*(0.4-0.1)+0.1)*RANDBETWEEN(-1,1)) -> 4.8092059 | H187: =H179+((RAND()*(0.4-0.1)+0.1)*RANDBETWEEN(-1,1)) -> 3.9806798 | J187: =H187-F187 -> -0.82852613 | L187: 0.56 | O187: 2
D188: 10 | F188: =F179+((RAND()*(0.4-0.1)+0.1)*RANDBETWEEN(-1,1)) -> 4.75125 | H188: =H179+((RAND()*(0.4-0.1)+0.1)*RANDBETWEEN(-1,1)) -> 4.5564487 | J188: =H188-F188 -> -0.1948013 | L188: 0.56 | O188: 2
F190: Promedio Patrón | I190: Promedio Equipo bajo prueba | L190: Promedio Error
F191: =AVERAGE(F179:G188) -> 4.5831009 | I191: =AVERAGE(H179:I188) -> 4.394446 | L191: =I191-F191 -> -0.18865492
O192: =O152 -> CERTIFICADO N°: | R192: =R152 -> 0
B195: 4.2 PRUEBA 1 (2 GELES SIN CARGA)
B197: Se realiza una prueba con 2 geles, primero sin carga para determinar si el contenedor entra en la temperatura de refrigeración antes de utilizar la carga simulada.
C201: Capacidad del contenedor | F201: Geles | H201: Fecha | J201: Hora | L201: Temperatura ambiente | O201: Temperatura de Cava
C202: 4,5 L | F202: 2 | H202: =INFORMACIÓN!H5 -> 0 | J202: 0.58333333 | L202: =24.7 + RAND() -> 25.576714 | O202: 19.6
C203: 4,5 L | F203: 2 | H203: =H202 -> 0 | J203: =J202 + 5/1440 -> 0.58680556 | L203: =24.7 + RAND() -> 25.668093 | O203: 7.7
C204: 4,5 L | F204: 2 | H204: =H203 -> 0 | J204: =J203 + 5/1440 -> 0.59027778 | L204: =24.7 + RAND() -> 25.630347 | O204: 6.9
C205: 4,5 L | F205: 2 | H205: =H204 -> 0 | J205: =J204 + 5/1440 -> 0.59375 | L205: =24.7 + RAND() -> 25.623506 | O205: 6.1
C206: 4,5 L | F206: 2 | H206: =H205 -> 0 | J206: =J205 + 5/1440 -> 0.59722222 | L206: =24.7 + RAND() -> 24.717826 | O206: 5.6
C207: 4,5 L | F207: 2 | H207: =H206 -> 0 | J207: =J206 + 5/1440 -> 0.60069444 | L207: =24.7 + RAND() -> 24.994724 | O207: 5.1
C208: 4,5 L | F208: 2 | H208: =H207 -> 0 | J208: =J207 + 5/1440 -> 0.60416667 | L208: =24.7 + RAND() -> 25.101903 | O208: 4.7
C209: 4,5 L | F209: 2 | H209: =H208 -> 0 | J209: =J208 + 5/1440 -> 0.60763889 | L209: =24.7 + RAND() -> 25.347619 | O209: 4.4
C210: 4,5 L | F210: 2 | H210: =H209 -> 0 | J210: =J209 + 5/1440 -> 0.61111111 | L210: =24.7 + RAND() -> 24.715441 | O210: 4.1
C211: 4,5 L | F211: 2 | H211: =H210 -> 0 | J211: =J210 + 5/1440 -> 0.61458333 | L211: =24.7 + RAND() -> 24.857692 | O211: 4.2
C212: 4,5 L | F212: 2 | H212: =H211 -> 0 | J212: =J211 + 5/1440 -> 0.61805556 | L212: =24.7 + RAND() -> 24.728377 | O212: 4.1
C213: 4,5 L | F213: 2 | H213: =H212 -> 0 | J213: =J212 + 5/1440 -> 0.62152778 | L213: =24.7 + RAND() -> 24.863443 | O213: 4.1
C214: 4,5 L | F214: 2 | H214: =H213 -> 0 | J214: =J213 + 5/1440 -> 0.625 | L214: =24.7 + RAND() -> 25.642517 | O214: 4.3
... C225: 4,5 L | F225: 2 | H225: =H224 -> 0 | J225: =J224 + 5/1440 -> 0.66319444 | L225: =24.7 + RAND() -> 25.502749 | O225: 8.8
O234: =O192 -> CERTIFICADO N°: | R234: =R192 -> 0
B236: 4.3 GRÁFICA DE TENDENCIA
B256: 4.4 CRITERIO DE ACEPTACIÓN
C259: CRITERIO | G259: RESULTADO | K259: LÍMITE | O259: ACEPTACIÓN
C260: Indicación temperatura °C | G260: -0,3 °C | K260: ± 1°C respecto a la referencia | O260: PASA
C261: Promedio temperatura de operación. | G261: 5,4 °C | K261: Entre 2°C a 8°C | O261: PASA
C262: Duración para entrar en rango de aceptación. | G262: 5 minutos | K262: ≤ 10 minutos | O262: PASA
...
